Frame number,Milliseconds,
0,0,
1,33.333333333333336,
2,66.66666666666667,
3,100.0,
4,133.33333333333334,
5,166.66666666666669,
6,200.0,
7,233.33333333333334,
8,266.6666666666667,
9,300.00000000000006,
10,333.33333333333337,
11,366.6666666666667,
12,400.0,
13,433.33333333333337,
14,466.6666666666667,
15,500.0,
16,533.3333333333334,
17,566.6666666666666,
18,600.0000000000001,
19,633.3333333333334,
20,666.6666666666667,
21,700.0000000000001,
22,733.3333333333334,
23,766.6666666666667,
24,800.0,
25,833.3333333333334,
26,866.6666666666667,
27,900.0,
28,933.3333333333334,
29,966.6666666666666,
30,1000.0,
31,1033.3333333333335,
32,1066.6666666666667,
33,1100.0,
34,1133.3333333333333,
35,1166.6666666666667,
36,1200.0000000000002,
37,1233.3333333333335,
38,1266.6666666666667,
39,1300.0,
40,1333.3333333333335,
41,1366.6666666666667,
42,1400.0000000000002,
43,1433.3333333333333,
44,1466.6666666666667,
45,1500.0,
46,1533.3333333333335,
47,1566.666666666667,
48,1600.0,
49,1633.3333333333335,
50,1666.6666666666667,
51,1700.0000000000002,
52,1733.3333333333335,
53,1766.6666666666667,
54,1800.0,
55,1833.3333333333335,
56,1866.6666666666667,
57,1900.0000000000002,
58,1933.3333333333333,
59,1966.6666666666667,
60,2000.0,
61,2035.0000000000002,
62,2068.3333333333335,
63,2101.666666666667,
64,2135.0000000000005,
65,2168.3333333333335,
66,2201.6666666666665,
67,2235.0000000000005,
68,2268.3333333333335,
69,2301.666666666667,
70,2335.0,
71,2368.3333333333335,
72,2401.666666666667,
73,2435.0,
74,2468.333333333334,
75,2501.666666666667,
76,2535.0,
77,2568.3333333333335,
78,2601.666666666667,
79,2635.0000000000005,
80,2668.3333333333335,
81,2701.6666666666665,
82,2735.0000000000005,
83,2768.3333333333335,
84,2801.666666666667,
85,2835.0,
86,2868.3333333333335,
87,2901.666666666667,
88,2935.0,
89,2968.333333333334,
90,3001.666666666667,
91,3035.0,
92,3068.3333333333335,
93,3101.666666666667,
94,3135.0000000000005,
95,3168.3333333333335,
96,3201.6666666666665,
97,3235.0000000000005,
98,3268.3333333333335,
99,3301.666666666667,
100,3335.0000000000005,
101,3368.3333333333335,
102,3401.666666666667,
103,3435.0,
104,3468.333333333334,
105,3501.666666666667,
106,3535.0,
107,3568.3333333333335,
108,3601.666666666667,
109,3635.0000000000005,
110,3668.3333333333335,
111,3701.666666666667,
112,3735.0000000000005,
113,3768.3333333333335,
114,3801.666666666667,
115,3835.0000000000005,
116,3868.3333333333335,
117,3901.666666666667,
118,3935.0,
119,3968.333333333334,
120,4001.666666666667,
121,4035.0,
122,4068.3333333333335,
123,4101.666666666667,
124,4135.000000000001,
125,4168.333333333334,
126,4201.666666666667,
127,4235.0,
128,4268.333333333334,
129,4301.666666666667,
130,4335.0,
131,4368.333333333333,
132,4401.666666666667,
133,4435.000000000001,
134,4468.333333333334,
135,4501.666666666667,
136,4535.0,
137,4568.333333333333,
138,4601.666666666667,
139,4635.000000000001,
140,4668.333333333334,
141,4701.666666666667,
142,4735.0,
143,4768.333333333334,
144,4801.666666666667,
145,4835.0,
146,4868.333333333334,
147,4901.666666666667,
148,4935.000000000001,
149,4968.333333333334,
150,5001.666666666667,
151,5035.0,
152,5068.333333333333,
153,5101.666666666667,
154,5135.000000000001,
155,5168.333333333334,
156,5201.666666666667,
157,5235.0,
158,5268.333333333334,
159,5301.666666666667,
160,5335.0,
161,5368.333333333334,
162,5401.666666666667,
163,5435.000000000001,
164,5468.333333333334,
165,5501.666666666667,
166,5535.0,
167,5568.333333333333,
168,5601.666666666668,
169,5635.000000000001,
170,5668.333333333334,
171,5701.666666666667,
172,5735.0,
173,5768.333333333334,
174,5801.666666666667,
175,5835.0,
176,5868.333333333334,
177,5901.666666666667,
178,5935.000000000001,
179,5968.333333333334,
180,6003.333333333334,
181,6036.666666666667,
182,6070.0,
183,6103.333333333334,
184,6136.666666666667,
185,6170.000000000001,
186,6203.333333333334,
187,6236.666666666667,
188,6270.000000000001,
189,6303.333333333334,
190,6336.666666666667,
191,6370.0,
192,6403.333333333333,
193,6436.666666666668,
194,6470.000000000001,
195,6503.333333333334,
196,6536.666666666667,
197,6570.0,
198,6603.333333333334,
199,6636.666666666667,
200,6670.000000000001,
201,6703.333333333334,
202,6736.666666666667,
203,6770.000000000001,
204,6803.333333333334,
205,6836.666666666667,
206,6870.0,
207,6903.333333333334,
208,6936.666666666668,
209,6970.000000000001,
210,7003.333333333334,
211,7036.666666666667,
212,7070.0,
213,7103.333333333334,
214,7136.666666666667,
215,7170.000000000001,
216,7203.333333333334,
217,7236.666666666667,
218,7270.000000000001,
219,7303.333333333334,
220,7336.666666666667,
221,7370.0,
222,7403.333333333334,
223,7436.666666666668,
224,7470.000000000001,
225,7503.333333333334,
226,7536.666666666667,
227,7570.0,
228,7603.333333333334,
229,7636.666666666667,
230,7670.000000000001,
231,7703.333333333334,
232,7736.666666666667,
233,7770.000000000001,
234,7803.333333333334,
235,7836.666666666667,
236,7870.0,
237,7903.333333333334,
238,7936.666666666668,
239,7970.000000000001,
240,8003.333333333334,
241,8036.666666666667,
242,8070.0,
243,8103.333333333334,
244,8136.666666666667,
245,8170.0,
246,8203.333333333334,
247,8236.666666666666,
248,8270.000000000002,
249,8303.333333333334,
250,8336.666666666668,
251,8370.000000000002,
252,8403.333333333334,
253,8436.666666666668,
254,8470.0,
255,8503.333333333334,
256,8536.666666666668,
257,8570.0,
258,8603.333333333334,
259,8636.666666666666,
260,8670.0,
261,8703.333333333334,
262,8736.666666666666,
263,8770.000000000002,
264,8803.333333333334,
265,8836.666666666668,
266,8870.000000000002,
267,8903.333333333334,
268,8936.666666666668,
269,8970.0,
270,9003.333333333334,
271,9036.666666666668,
272,9070.0,
273,9103.333333333334,
274,9136.666666666666,
275,9170.0,
276,9203.333333333334,
277,9236.666666666668,
278,9270.000000000002,
279,9303.333333333334,
280,9336.666666666668,
281,9370.000000000002,
282,9403.333333333334,
283,9436.666666666668,
284,9470.0,
285,9503.333333333334,
286,9536.666666666668,
287,9570.0,
288,9603.333333333334,
289,9636.666666666666,
290,9670.0,
291,9703.333333333334,
292,9736.666666666668,
293,9770.000000000002,
294,9803.333333333334,
295,9836.666666666668,
296,9870.000000000002,
297,9903.333333333334,
298,9936.666666666668,
299,9970.0,
300,10003.333333333334,
301,10036.666666666668,
302,10071.666666666668,
303,10105.0,
304,10138.333333333334,
305,10171.666666666666,
306,10205.0,
307,10238.333333333334,
308,10271.666666666666,
309,10305.000000000002,
310,10338.333333333334,
311,10371.666666666668,
312,10405.000000000002,
313,10438.333333333334,
314,10471.666666666668,
315,10505.0,
316,10538.333333333334,
317,10571.666666666668,
318,10605.0,
319,10638.333333333334,
320,10671.666666666666,
321,10705.0,
322,10738.333333333334,
323,10771.666666666666,
324,10805.000000000002,
325,10838.333333333334,
326,10871.666666666668,
327,10905.000000000002,
328,10938.333333333334,
329,10971.666666666668,
330,11005.0,
331,11038.333333333334,
332,11071.666666666668,
333,11105.0,
334,11138.333333333334,
335,11171.666666666666,
336,11205.0,
337,11238.333333333334,
338,11271.666666666668,
339,11305.000000000002,
340,11338.333333333334,
341,11371.666666666668,
342,11405.000000000002,
343,11438.333333333334,
344,11471.666666666668,
345,11505.0,
346,11538.333333333334,
347,11571.666666666668,
348,11605.0,
349,11638.333333333334,
350,11671.666666666666,
351,11705.0,
352,11738.333333333334,
353,11771.666666666668,
354,11805.000000000002,
355,11838.333333333334,
356,11871.666666666668,
357,11905.000000000002,
358,11938.333333333334,
359,11971.666666666668,
360,12005.0,
361,12038.333333333334,
362,12071.666666666668,
363,12105.0,
364,12138.333333333334,
365,12171.666666666666,
366,12205.0,
367,12238.333333333334,
368,12271.666666666668,
369,12305.000000000002,
370,12338.333333333334,
371,12371.666666666668,
372,12405.000000000002,
373,12438.333333333334,
374,12471.666666666668,
375,12505.0,
376,12538.333333333334,
377,12571.666666666668,
378,12605.0,
379,12638.333333333334,
380,12671.666666666666,
381,12705.0,
382,12738.333333333334,
383,12771.666666666668,
384,12805.000000000002,
385,12838.333333333334,
386,12871.666666666668,
387,12905.000000000002,
388,12938.333333333334,
389,12971.666666666668,
390,13005.0,
391,13038.333333333334,
392,13071.666666666668,
393,13105.0,
394,13138.333333333334,
395,13171.666666666666,
396,13205.0,
397,13238.333333333336,
398,13271.666666666668,
399,13305.000000000002,
400,13338.333333333334,
401,13371.666666666668,
402,13405.000000000002,
403,13438.333333333334,
404,13471.666666666668,
405,13505.0,
406,13538.333333333334,
407,13571.666666666668,
408,13605.0,
409,13638.333333333334,
410,13671.666666666666,
411,13705.0,
412,13738.333333333336,
413,13771.666666666668,
414,13805.000000000002,
415,13838.333333333334,
416,13871.666666666668,
417,13905.000000000002,
418,13938.333333333334,
419,13971.666666666668,
420,14005.0,
421,14038.333333333334,
422,14071.666666666668,
423,14106.666666666668,
424,14140.0,
425,14173.333333333334,
426,14206.666666666668,
427,14240.0,
428,14273.333333333334,
429,14306.666666666668,
430,14340.000000000002,
431,14373.333333333336,
432,14406.666666666668,
433,14440.000000000002,
434,14473.333333333334,
435,14506.666666666668,
436,14540.000000000002,
437,14573.333333333334,
438,14606.666666666668,
439,14640.0,
440,14673.333333333334,
441,14706.666666666668,
442,14740.0,
443,14773.333333333334,
444,14806.666666666668,
445,14840.000000000002,
446,14873.333333333336,
447,14906.666666666668,
448,14940.000000000002,
449,14973.333333333334,
450,15006.666666666668,
451,15040.000000000002,
452,15073.333333333334,
453,15106.666666666668,
454,15140.0,
455,15173.333333333334,
456,15206.666666666668,
457,15240.0,
458,15273.333333333334,
459,15306.666666666668,
460,15340.000000000002,
461,15373.333333333336,
462,15406.666666666668,
463,15440.000000000002,
464,15473.333333333334,
465,15506.666666666668,
466,15540.000000000002,
467,15573.333333333334,
468,15606.666666666668,
469,15640.0,
470,15673.333333333334,
471,15706.666666666668,
472,15740.0,
473,15773.333333333336,
474,15806.666666666668,
475,15840.000000000002,
476,15873.333333333336,
477,15906.666666666668,
478,15940.000000000002,
479,15973.333333333334,
480,16006.666666666668,
481,16040.000000000002,
482,16073.333333333334,
483,16106.66666666667,
484,16140.0,
485,16173.333333333336,
486,16206.666666666668,
487,16240.000000000002,
488,16273.333333333334,
489,16306.666666666668,
490,16340.0,
491,16373.333333333336,
492,16406.666666666668,
493,16440.0,
494,16473.333333333332,
495,16506.666666666668,
496,16540.000000000004,
497,16573.333333333336,
498,16606.666666666668,
499,16640.0,
500,16673.333333333336,
501,16706.666666666668,
502,16740.000000000004,
503,16773.333333333332,
504,16806.666666666668,
505,16840.0,
506,16873.333333333336,
507,16906.666666666668,
508,16940.0,
509,16973.333333333332,
510,17006.666666666668,
511,17040.000000000004,
512,17073.333333333336,
513,17106.666666666668,
514,17140.0,
515,17173.333333333336,
516,17206.666666666668,
517,17240.000000000004,
518,17273.333333333332,
519,17306.666666666668,
520,17340.0,
521,17373.333333333336,
522,17406.666666666668,
523,17440.0,
524,17473.333333333332,
525,17506.666666666668,
526,17540.000000000004,
527,17573.333333333336,
528,17606.666666666668,
529,17640.0,
530,17673.333333333336,
531,17706.666666666668,
532,17740.000000000004,
533,17773.333333333332,
534,17806.666666666668,
535,17840.0,
536,17873.333333333336,
537,17906.666666666668,
538,17940.0,
539,17973.333333333332,
540,18006.666666666668,
541,18040.000000000004,
542,18073.333333333336,
543,18108.333333333336,
544,18141.666666666668,
545,18175.0,
546,18208.333333333336,
547,18241.666666666668,
548,18275.000000000004,
549,18308.333333333332,
550,18341.666666666668,
551,18375.0,
552,18408.333333333336,
553,18441.666666666668,
554,18475.0,
555,18508.333333333332,
556,18541.666666666668,
557,18575.000000000004,
558,18608.333333333336,
559,18641.666666666668,
560,18675.0,
561,18708.333333333336,
562,18741.666666666668,
563,18775.000000000004,
564,18808.333333333332,
565,18841.666666666668,
566,18875.0,
567,18908.333333333336,
568,18941.666666666668,
569,18975.0,
570,19008.333333333332,
571,19041.666666666668,
572,19075.000000000004,
573,19108.333333333336,
574,19141.666666666668,
575,19175.0,
576,19208.333333333336,
577,19241.666666666668,
578,19275.000000000004,
579,19308.333333333332,
580,19341.666666666668,
581,19375.0,
582,19408.333333333336,
583,19441.666666666668,
584,19475.0,
585,19508.333333333332,
586,19541.666666666668,
587,19575.000000000004,
588,19608.333333333336,
589,19641.666666666668,
590,19675.0,
591,19708.333333333336,
592,19741.666666666668,
593,19775.000000000004,
594,19808.333333333332,
595,19841.666666666668,
596,19875.0,
597,19908.333333333336,
598,19941.666666666668,
599,19975.0,
600,20008.333333333332,
601,20041.666666666668,
602,20075.000000000004,
603,20108.333333333336,
604,20141.666666666668,
605,20175.0,
606,20208.333333333336,
607,20241.666666666668,
608,20275.000000000004,
609,20308.333333333332,
610,20341.666666666668,
611,20375.0,
612,20408.333333333336,
613,20441.666666666668,
614,20475.0,
615,20508.333333333336,
616,20541.666666666668,
617,20575.000000000004,
618,20608.333333333336,
619,20641.666666666668,
620,20675.0,
621,20708.333333333336,
622,20741.666666666668,
623,20775.000000000004,
624,20808.333333333332,
625,20841.666666666668,
626,20875.0,
627,20908.333333333336,
628,20941.666666666668,
629,20975.0,
630,21008.333333333336,
631,21041.666666666668,
632,21075.000000000004,
633,21108.333333333336,
634,21141.666666666668,
635,21175.0,
636,21208.333333333336,
637,21241.666666666668,
638,21275.000000000004,
639,21308.333333333332,
640,21341.666666666668,
641,21375.0,
642,21408.333333333336,
643,21441.666666666668,
644,21475.0,
645,21508.333333333336,
646,21541.666666666668,
647,21575.000000000004,
648,21608.333333333336,
649,21641.666666666668,
650,21675.0,
651,21708.333333333336,
652,21741.666666666668,
653,21775.000000000004,
654,21808.333333333332,
655,21841.666666666668,
656,21875.0,
657,21908.333333333336,
658,21941.666666666668,
659,21975.0,
660,22008.333333333336,
661,22041.666666666668,
662,22075.000000000004,
663,22108.333333333336,
664,22143.333333333336,
665,22176.666666666668,
666,22210.0,
667,22243.333333333336,
668,22276.666666666668,
669,22310.000000000004,
670,22343.333333333332,
671,22376.666666666668,
672,22410.0,
673,22443.333333333336,
674,22476.666666666668,
675,22510.0,
676,22543.333333333336,
677,22576.666666666668,
678,22610.000000000004,
679,22643.333333333336,
680,22676.666666666668,
681,22710.0,
682,22743.333333333336,
683,22776.666666666668,
684,22810.000000000004,
685,22843.333333333332,
686,22876.666666666668,
687,22910.0,
688,22943.333333333336,
689,22976.666666666668,
690,23010.0,
691,23043.333333333336,
692,23076.666666666668,
693,23110.000000000004,
694,23143.333333333336,
695,23176.666666666668,
696,23210.0,
697,23243.333333333336,
698,23276.666666666668,
699,23310.000000000004,
700,23343.333333333332,
701,23376.666666666668,
702,23410.0,
703,23443.333333333336,
704,23476.666666666668,
705,23510.0,
706,23543.333333333336,
707,23576.666666666668,
708,23610.000000000004,
709,23643.333333333336,
710,23676.666666666668,
711,23710.0,
712,23743.333333333336,
713,23776.666666666668,
714,23810.000000000004,
715,23843.333333333332,
716,23876.666666666668,
717,23910.0,
718,23943.333333333336,
719,23976.666666666668,
720,24010.0,
721,24043.333333333336,
722,24076.666666666668,
723,24110.000000000004,
724,24143.333333333336,
725,24176.666666666668,
726,24210.0,
727,24243.333333333336,
728,24276.666666666668,
729,24310.000000000004,
730,24343.333333333332,
731,24376.666666666668,
732,24410.0,
733,24443.333333333336,
734,24476.666666666668,
735,24510.0,
736,24543.333333333336,
737,24576.666666666668,
738,24610.000000000004,
739,24643.333333333336,
740,24676.666666666668,
741,24710.0,
742,24743.333333333336,
743,24776.666666666668,
744,24810.000000000004,
745,24843.333333333332,
746,24876.666666666668,
747,24910.0,
748,24943.333333333336,
749,24976.666666666668,
750,25010.0,
751,25043.333333333336,
752,25076.666666666668,
753,25110.000000000004,
754,25143.333333333336,
755,25176.666666666668,
756,25210.0,
757,25243.333333333336,
758,25276.666666666668,
759,25310.000000000004,
760,25343.333333333332,
761,25376.666666666668,
762,25410.0,
763,25443.333333333336,
764,25476.666666666668,
765,25510.0,
766,25543.333333333336,
767,25576.666666666668,
768,25610.000000000004,
769,25643.333333333336,
770,25676.666666666668,
771,25710.0,
772,25743.333333333336,
773,25776.666666666668,
774,25810.000000000004,
775,25843.333333333332,
776,25876.666666666668,
777,25910.0,
778,25943.333333333336,
779,25976.666666666668,
780,26010.0,
781,26043.333333333336,
782,26076.666666666668,
783,26110.000000000004,
784,26145.000000000004,
785,26178.333333333336,
786,26211.666666666668,
787,26245.0,
788,26278.333333333336,
789,26311.666666666668,
790,26345.000000000004,
791,26378.333333333332,
792,26411.666666666668,
793,26445.0,
794,26478.333333333336,
795,26511.666666666668,
796,26545.0,
797,26578.333333333336,
798,26611.666666666668,
799,26645.000000000004,
800,26678.333333333336,
801,26711.666666666668,
802,26745.0,
803,26778.333333333336,
804,26811.666666666668,
805,26845.000000000004,
806,26878.333333333332,
807,26911.666666666668,
808,26945.0,
809,26978.333333333336,
810,27011.666666666668,
811,27045.0,
812,27078.333333333336,
813,27111.666666666668,
814,27145.000000000004,
815,27178.333333333336,
816,27211.666666666668,
817,27245.0,
818,27278.333333333336,
819,27311.666666666668,
820,27345.000000000004,
821,27378.333333333332,
822,27411.666666666668,
823,27445.0,
824,27478.333333333336,
825,27511.666666666668,
826,27545.0,
827,27578.333333333336,
828,27611.666666666668,
829,27645.000000000004,
830,27678.333333333336,
831,27711.666666666668,
832,27745.0,
833,27778.333333333336,
834,27811.666666666668,
835,27845.000000000004,
836,27878.333333333332,
837,27911.666666666668,
838,27945.0,
839,27978.333333333336,
840,28011.666666666668,
841,28045.0,
842,28078.333333333336,
843,28111.666666666668,
844,28145.000000000004,
845,28178.333333333336,
846,28211.666666666668,
847,28245.0,
848,28278.333333333336,
849,28311.666666666668,
850,28345.000000000004,
851,28378.333333333332,
852,28411.666666666668,
853,28445.0,
854,28478.333333333336,
855,28511.66666666667,
856,28545.0,
857,28578.333333333336,
858,28611.666666666668,
859,28645.000000000004,
860,28678.333333333336,
861,28711.666666666668,
862,28745.0,
863,28778.333333333336,
864,28811.666666666668,
865,28845.000000000004,
866,28878.333333333332,
867,28911.666666666668,
868,28945.0,
869,28978.333333333336,
870,29011.66666666667,
871,29045.0,
872,29078.333333333336,
873,29111.666666666668,
874,29145.000000000004,
875,29178.333333333336,
876,29211.666666666668,
877,29245.0,
878,29278.333333333336,
879,29311.666666666668,
880,29345.000000000004,
881,29378.333333333332,
882,29411.666666666668,
883,29445.0,
884,29478.333333333336,
885,29511.66666666667,
886,29545.0,
887,29578.333333333336,
888,29611.666666666668,
889,29645.000000000004,
890,29678.333333333336,
891,29711.666666666668,
892,29745.0,
893,29778.333333333336,
894,29811.666666666668,
895,29845.000000000004,
896,29878.333333333332,
897,29911.666666666668,
898,29945.0,
899,29978.333333333336,
900,30011.66666666667,
901,30045.0,
902,30078.333333333336,
903,30111.666666666668,
904,30145.000000000004,
905,30180.000000000004,
906,30213.333333333336,
907,30246.66666666667,
908,30280.0,
909,30313.333333333336,
910,30346.666666666668,
911,30380.000000000004,
912,30413.333333333336,
913,30446.666666666668,
914,30480.0,
915,30513.333333333336,
916,30546.666666666668,
917,30580.000000000004,
918,30613.333333333336,
919,30646.666666666668,
920,30680.000000000004,
921,30713.333333333336,
922,30746.66666666667,
923,30780.0,
924,30813.333333333336,
925,30846.666666666668,
926,30880.000000000004,
927,30913.333333333336,
928,30946.666666666668,
929,30980.0,
930,31013.333333333336,
931,31046.66666666667,
932,31080.000000000004,
933,31113.333333333336,
934,31146.666666666668,
935,31180.000000000004,
936,31213.333333333336,
937,31246.66666666667,
938,31280.0,
939,31313.333333333336,
940,31346.666666666668,
941,31380.000000000004,
942,31413.333333333336,
943,31446.666666666668,
944,31480.0,
945,31513.333333333336,
946,31546.66666666667,
947,31580.000000000004,
948,31613.333333333336,
949,31646.666666666668,
950,31680.000000000004,
951,31713.333333333336,
952,31746.66666666667,
953,31780.0,
954,31813.333333333336,
955,31846.666666666668,
956,31880.000000000004,
957,31913.333333333336,
958,31946.666666666668,
959,31980.0,
960,32013.333333333336,
961,32046.666666666668,
962,32080.000000000004,
963,32113.333333333336,
964,32146.666666666668,
965,32180.0,
966,32213.33333333334,
967,32246.66666666667,
968,32280.0,
969,32313.333333333332,
970,32346.66666666667,
971,32380.000000000004,
972,32413.333333333336,
973,32446.666666666664,
974,32480.000000000004,
975,32513.333333333336,
976,32546.666666666668,
977,32580.000000000004,
978,32613.333333333336,
979,32646.666666666668,
980,32680.0,
981,32713.33333333334,
982,32746.66666666667,
983,32780.0,
984,32813.333333333336,
985,32846.66666666667,
986,32880.0,
987,32913.333333333336,
988,32946.666666666664,
989,32980.00000000001,
990,33013.333333333336,
991,33046.666666666664,
992,33080.00000000001,
993,33113.333333333336,
994,33146.66666666667,
995,33180.0,
996,33213.333333333336,
997,33246.66666666667,
998,33280.0,
999,33313.333333333336,
1000,33346.66666666667,
1001,33380.0,
1002,33413.333333333336,
1003,33446.666666666664,
1004,33480.00000000001,
1005,33513.333333333336,
1006,33546.666666666664,
1007,33580.00000000001,
1008,33613.333333333336,
1009,33646.66666666667,
1010,33680.0,
1011,33713.333333333336,
1012,33746.66666666667,
1013,33780.0,
1014,33813.333333333336,
1015,33846.66666666667,
1016,33880.0,
1017,33913.333333333336,
1018,33946.666666666664,
1019,33980.00000000001,
1020,34013.333333333336,
1021,34046.666666666664,
1022,34080.00000000001,
1023,34113.333333333336,
1024,34146.66666666667,
1025,34180.0,
1026,34213.333333333336,
1027,34248.333333333336,
1028,34281.666666666664,
1029,34315.00000000001,
1030,34348.333333333336,
1031,34381.666666666664,
1032,34415.0,
1033,34448.333333333336,
1034,34481.66666666667,
1035,34515.0,
1036,34548.33333333333,
1037,34581.66666666667,
1038,34615.0,
1039,34648.333333333336,
1040,34681.66666666667,
1041,34715.0,
1042,34748.333333333336,
1043,34781.666666666664,
1044,34815.00000000001,
1045,34848.333333333336,
1046,34881.666666666664,
1047,34915.0,
1048,34948.333333333336,
1049,34981.66666666667,
1050,35015.0,
1051,35048.333333333336,
1052,35081.66666666667,
1053,35115.0,
1054,35148.333333333336,
1055,35181.66666666667,
1056,35215.0,
1057,35248.333333333336,
1058,35281.666666666664,
1059,35315.00000000001,
1060,35348.333333333336,
1061,35381.666666666664,
1062,35415.0,
1063,35448.333333333336,
1064,35481.66666666667,
1065,35515.0,
1066,35548.333333333336,
1067,35581.66666666667,
1068,35615.0,
1069,35648.333333333336,
1070,35681.66666666667,
1071,35715.0,
1072,35748.333333333336,
1073,35781.666666666664,
1074,35815.00000000001,
1075,35848.333333333336,
1076,35881.666666666664,
1077,35915.0,
1078,35948.333333333336,
1079,35981.66666666667,
1080,36015.0,
1081,36048.333333333336,
1082,36081.66666666667,
1083,36115.0,
1084,36148.333333333336,
1085,36181.66666666667,
1086,36215.0,
1087,36248.333333333336,
1088,36281.666666666664,
1089,36315.00000000001,
1090,36348.333333333336,
1091,36381.666666666664,
1092,36415.0,
1093,36448.333333333336,
1094,36481.66666666667,
1095,36515.0,
1096,36548.333333333336,
1097,36581.66666666667,
1098,36615.0,
1099,36648.333333333336,
1100,36681.66666666667,
1101,36715.0,
1102,36748.333333333336,
1103,36781.666666666664,
1104,36815.00000000001,
1105,36848.333333333336,
1106,36881.666666666664,
1107,36915.0,
1108,36948.333333333336,
1109,36981.66666666667,
1110,37015.0,
1111,37048.333333333336,
1112,37081.66666666667,
1113,37115.0,
1114,37148.333333333336,
1115,37181.66666666667,
1116,37215.0,
1117,37248.333333333336,
1118,37281.666666666664,
1119,37315.00000000001,
1120,37348.333333333336,
1121,37381.666666666664,
1122,37415.0,
1123,37448.333333333336,
1124,37481.66666666667,
1125,37515.0,
1126,37548.333333333336,
1127,37581.66666666667,
1128,37615.0,
1129,37648.333333333336,
1130,37681.66666666667,
1131,37715.0,
1132,37748.333333333336,
1133,37781.666666666664,
1134,37815.00000000001,
1135,37848.333333333336,
1136,37881.666666666664,
1137,37915.0,
1138,37948.333333333336,
1139,37981.66666666667,
1140,38015.0,
1141,38048.333333333336,
1142,38081.66666666667,
1143,38115.0,
1144,38148.333333333336,
1145,38181.66666666667,
1146,38215.0,
1147,38250.0,
1148,38283.333333333336,
1149,38316.66666666667,
1150,38350.0,
1151,38383.333333333336,
1152,38416.66666666667,
1153,38450.0,
1154,38483.333333333336,
1155,38516.666666666664,
1156,38550.00000000001,
1157,38583.333333333336,
1158,38616.666666666664,
1159,38650.00000000001,
1160,38683.333333333336,
1161,38716.66666666667,
1162,38750.0,
1163,38783.333333333336,
1164,38816.66666666667,
1165,38850.0,
1166,38883.333333333336,
1167,38916.66666666667,
1168,38950.0,
1169,38983.333333333336,
1170,39016.666666666664,
1171,39050.00000000001,
1172,39083.333333333336,
1173,39116.666666666664,
1174,39150.00000000001,
1175,39183.333333333336,
1176,39216.66666666667,
1177,39250.0,
1178,39283.333333333336,
1179,39316.66666666667,
1180,39350.0,
1181,39383.333333333336,
1182,39416.66666666667,
1183,39450.0,
1184,39483.333333333336,
1185,39516.666666666664,
1186,39550.00000000001,
1187,39583.333333333336,
1188,39616.666666666664,
1189,39650.00000000001,
1190,39683.333333333336,
1191,39716.66666666667,
1192,39750.0,
1193,39783.333333333336,
1194,39816.66666666667,
1195,39850.0,
1196,39883.333333333336,
1197,39916.66666666667,
1198,39950.0,
1199,39983.333333333336,
1200,40016.666666666664,
1201,40050.00000000001,
1202,40083.333333333336,
1203,40116.666666666664,
1204,40150.00000000001,
1205,40183.333333333336,
1206,40216.66666666667,
1207,40250.0,
1208,40283.333333333336,
1209,40316.66666666667,
1210,40350.0,
1211,40383.333333333336,
1212,40416.66666666667,
1213,40450.0,
1214,40483.333333333336,
1215,40516.666666666664,
1216,40550.00000000001,
1217,40583.333333333336,
1218,40616.666666666664,
1219,40650.00000000001,
1220,40683.333333333336,
1221,40716.66666666667,
1222,40750.0,
1223,40783.333333333336,
1224,40816.66666666667,
1225,40850.0,
1226,40883.333333333336,
1227,40916.66666666667,
1228,40950.0,
1229,40983.333333333336,
1230,41016.66666666667,
1231,41050.00000000001,
1232,41083.333333333336,
1233,41116.666666666664,
1234,41150.00000000001,
1235,41183.333333333336,
1236,41216.66666666667,
1237,41250.0,
1238,41283.333333333336,
1239,41316.66666666667,
1240,41350.0,
1241,41383.333333333336,
1242,41416.66666666667,
1243,41450.0,
1244,41483.333333333336,
1245,41516.66666666667,
1246,41550.00000000001,
1247,41583.333333333336,
1248,41616.666666666664,
1249,41650.00000000001,
1250,41683.333333333336,
1251,41716.66666666667,
1252,41750.0,
1253,41783.333333333336,
1254,41816.66666666667,
1255,41850.0,
1256,41883.333333333336,
1257,41916.66666666667,
1258,41950.0,
1259,41983.333333333336,
1260,42016.66666666667,
1261,42050.00000000001,
1262,42083.333333333336,
1263,42116.666666666664,
1264,42150.00000000001,
1265,42183.333333333336,
1266,42216.66666666667,
1267,42251.66666666667,
1268,42285.00000000001,
1269,42318.333333333336,
1270,42351.666666666664,
1271,42385.00000000001,
1272,42418.333333333336,
1273,42451.66666666667,
1274,42485.0,
1275,42518.333333333336,
1276,42551.66666666667,
1277,42585.0,
1278,42618.33333333334,
1279,42651.66666666667,
1280,42685.0,
1281,42718.333333333336,
1282,42751.66666666667,
1283,42785.00000000001,
1284,42818.333333333336,
1285,42851.666666666664,
1286,42885.00000000001,
1287,42918.333333333336,
1288,42951.66666666667,
1289,42985.0,
1290,43018.333333333336,
1291,43051.66666666667,
1292,43085.0,
1293,43118.33333333334,
1294,43151.66666666667,
1295,43185.0,
1296,43218.333333333336,
1297,43251.66666666667,
1298,43285.00000000001,
1299,43318.333333333336,
1300,43351.666666666664,
1301,43385.00000000001,
1302,43418.333333333336,
1303,43451.66666666667,
1304,43485.0,
1305,43518.333333333336,
1306,43551.66666666667,
1307,43585.0,
1308,43618.33333333334,
1309,43651.66666666667,
1310,43685.0,
1311,43718.333333333336,
1312,43751.66666666667,
1313,43785.00000000001,
1314,43818.333333333336,
1315,43851.666666666664,
1316,43885.00000000001,
1317,43918.333333333336,
1318,43951.66666666667,
1319,43985.0,
1320,44018.333333333336,
1321,44051.66666666667,
1322,44085.0,
1323,44118.33333333334,
1324,44151.66666666667,
1325,44185.0,
1326,44218.333333333336,
1327,44251.66666666667,
1328,44285.00000000001,
1329,44318.333333333336,
1330,44351.666666666664,
1331,44385.00000000001,
1332,44418.333333333336,
1333,44451.66666666667,
1334,44485.0,
1335,44518.333333333336,
1336,44551.66666666667,
1337,44585.0,
1338,44618.33333333334,
1339,44651.66666666667,
1340,44685.0,
1341,44718.333333333336,
1342,44751.66666666667,
1343,44785.00000000001,
1344,44818.333333333336,
1345,44851.666666666664,
1346,44885.00000000001,
1347,44918.333333333336,
1348,44951.66666666667,
1349,44985.0,
1350,45018.333333333336,
1351,45051.66666666667,
1352,45085.0,
1353,45118.33333333334,
1354,45151.66666666667,
1355,45185.0,
1356,45218.333333333336,
1357,45251.66666666667,
1358,45285.00000000001,
1359,45318.333333333336,
1360,45351.666666666664,
1361,45385.00000000001,
1362,45418.333333333336,
1363,45451.66666666667,
1364,45485.0,
1365,45518.333333333336,
1366,45551.66666666667,
1367,45585.0,
1368,45618.33333333334,
1369,45651.66666666667,
1370,45685.0,
1371,45718.333333333336,
1372,45751.66666666667,
1373,45785.00000000001,
1374,45818.333333333336,
1375,45851.666666666664,
1376,45885.00000000001,
1377,45918.333333333336,
1378,45951.66666666667,
1379,45985.0,
1380,46018.333333333336,
1381,46051.66666666667,
1382,46085.0,
1383,46118.33333333334,
1384,46151.66666666667,
1385,46185.0,
1386,46218.333333333336,
1387,46253.333333333336,
1388,46286.66666666667,
1389,46320.0,
1390,46353.333333333336,
1391,46386.66666666667,
1392,46420.0,
1393,46453.333333333336,
1394,46486.66666666667,
1395,46520.0,
1396,46553.333333333336,
1397,46586.66666666667,
1398,46620.00000000001,
1399,46653.333333333336,
1400,46686.666666666664,
1401,46720.00000000001,
1402,46753.333333333336,
1403,46786.66666666667,
1404,46820.0,
1405,46853.333333333336,
1406,46886.66666666667,
1407,46920.0,
1408,46953.333333333336,
1409,46986.66666666667,
1410,47020.0,
1411,47053.333333333336,
1412,47086.66666666667,
1413,47120.00000000001,
1414,47153.333333333336,
1415,47186.666666666664,
1416,47220.00000000001,
1417,47253.333333333336,
1418,47286.66666666667,
1419,47320.0,
1420,47353.333333333336,
1421,47386.66666666667,
1422,47420.0,
1423,47453.333333333336,
1424,47486.66666666667,
1425,47520.0,
1426,47553.333333333336,
1427,47586.66666666667,
1428,47620.00000000001,
1429,47653.333333333336,
1430,47686.666666666664,
1431,47720.00000000001,
1432,47753.333333333336,
1433,47786.66666666667,
1434,47820.0,
1435,47853.333333333336,
1436,47886.66666666667,
1437,47920.0,
1438,47953.333333333336,
1439,47986.66666666667,
1440,48020.0,
1441,48053.333333333336,
1442,48086.66666666667,
1443,48120.00000000001,
1444,48153.333333333336,
1445,48186.666666666664,
1446,48220.00000000001,
1447,48253.333333333336,
1448,48286.66666666667,
1449,48320.0,
1450,48353.333333333336,
1451,48386.66666666667,
1452,48420.0,
1453,48453.333333333336,
1454,48486.66666666667,
1455,48520.0,
1456,48553.333333333336,
1457,48586.66666666667,
1458,48620.00000000001,
1459,48653.333333333336,
1460,48686.666666666664,
1461,48720.00000000001,
1462,48753.333333333336,
1463,48786.66666666667,
1464,48820.0,
1465,48853.333333333336,
1466,48886.66666666667,
1467,48920.0,
1468,48953.333333333336,
1469,48986.66666666667,
1470,49020.0,
1471,49053.333333333336,
1472,49086.66666666667,
1473,49120.00000000001,
1474,49153.333333333336,
1475,49186.666666666664,
1476,49220.00000000001,
1477,49253.333333333336,
1478,49286.66666666667,
1479,49320.0,
1480,49353.333333333336,
1481,49386.66666666667,
1482,49420.0,
1483,49453.333333333336,
1484,49486.66666666667,
1485,49520.0,
1486,49553.333333333336,
1487,49586.66666666667,
1488,49620.00000000001,
1489,49653.333333333336,
1490,49686.666666666664,
1491,49720.00000000001,
1492,49753.333333333336,
1493,49786.66666666667,
1494,49820.0,
1495,49853.333333333336,
1496,49886.66666666667,
1497,49920.0,
1498,49953.333333333336,
1499,49986.66666666667,
1500,50020.0,
1501,50053.333333333336,
1502,50086.66666666667,
1503,50120.00000000001,
1504,50153.333333333336,
1505,50186.666666666664,
1506,50220.00000000001,
1507,50253.333333333336,
1508,50286.66666666667,
1509,50321.66666666667,
1510,50355.00000000001,
1511,50388.333333333336,
1512,50421.666666666664,
1513,50455.00000000001,
1514,50488.333333333336,
1515,50521.66666666667,
1516,50555.0,
1517,50588.333333333336,
1518,50621.66666666667,
1519,50655.0,
1520,50688.33333333334,
1521,50721.66666666667,
1522,50755.0,
1523,50788.333333333336,
1524,50821.66666666667,
1525,50855.00000000001,
1526,50888.333333333336,
1527,50921.666666666664,
1528,50955.00000000001,
1529,50988.333333333336,
1530,51021.66666666667,
1531,51055.00000000001,
1532,51088.333333333336,
1533,51121.66666666667,
1534,51155.0,
1535,51188.33333333334,
1536,51221.66666666667,
1537,51255.0,
1538,51288.333333333336,
1539,51321.66666666667,
1540,51355.00000000001,
1541,51388.333333333336,
1542,51421.666666666664,
1543,51455.00000000001,
1544,51488.333333333336,
1545,51521.66666666667,
1546,51555.00000000001,
1547,51588.333333333336,
1548,51621.66666666667,
1549,51655.0,
1550,51688.33333333334,
1551,51721.66666666667,
1552,51755.0,
1553,51788.333333333336,
1554,51821.66666666667,
1555,51855.00000000001,
1556,51888.333333333336,
1557,51921.666666666664,
1558,51955.00000000001,
1559,51988.333333333336,
1560,52021.66666666667,
1561,52055.00000000001,
1562,52088.333333333336,
1563,52121.66666666667,
1564,52155.0,
1565,52188.33333333334,
1566,52221.66666666667,
1567,52255.0,
1568,52288.333333333336,
1569,52321.66666666667,
1570,52355.00000000001,
1571,52388.333333333336,
1572,52421.666666666664,
1573,52455.00000000001,
1574,52488.333333333336,
1575,52521.66666666667,
1576,52555.00000000001,
1577,52588.333333333336,
1578,52621.66666666667,
1579,52655.0,
1580,52688.33333333334,
1581,52721.66666666667,
1582,52755.0,
1583,52788.333333333336,
1584,52821.66666666667,
1585,52855.00000000001,
1586,52888.333333333336,
1587,52921.666666666664,
1588,52955.00000000001,
1589,52988.333333333336,
1590,53021.66666666667,
1591,53055.00000000001,
1592,53088.333333333336,
1593,53121.66666666667,
1594,53155.0,
1595,53188.33333333334,
1596,53221.66666666667,
1597,53255.0,
1598,53288.333333333336,
1599,53321.66666666667,
1600,53355.00000000001,
1601,53388.333333333336,
1602,53421.666666666664,
1603,53455.00000000001,
1604,53488.333333333336,
1605,53521.66666666667,
1606,53555.00000000001,
1607,53588.333333333336,
1608,53621.66666666667,
1609,53655.0,
1610,53688.33333333334,
1611,53721.66666666667,
1612,53755.0,
1613,53788.333333333336,
1614,53821.66666666667,
1615,53855.00000000001,
1616,53888.333333333336,
1617,53921.666666666664,
1618,53955.00000000001,
1619,53988.333333333336,
1620,54021.66666666667,
1621,54055.00000000001,
1622,54088.333333333336,
1623,54121.66666666667,
1624,54155.0,
1625,54188.33333333334,
1626,54221.66666666667,
1627,54255.0,
1628,54288.333333333336,
1629,54323.333333333336,
1630,54356.66666666667,
1631,54390.0,
1632,54423.333333333336,
1633,54456.66666666667,
1634,54490.0,
1635,54523.333333333336,
1636,54556.66666666667,
1637,54590.0,
1638,54623.333333333336,
1639,54656.66666666667,
1640,54690.00000000001,
1641,54723.333333333336,
1642,54756.666666666664,
1643,54790.00000000001,
1644,54823.333333333336,
1645,54856.66666666667,
1646,54890.0,
1647,54923.333333333336,
1648,54956.66666666667,
1649,54990.0,
1650,55023.333333333336,
1651,55056.66666666667,
1652,55090.0,
1653,55123.333333333336,
1654,55156.66666666667,
1655,55190.00000000001,
1656,55223.333333333336,
1657,55256.666666666664,
1658,55290.00000000001,
1659,55323.333333333336,
1660,55356.66666666667,
1661,55390.0,
1662,55423.333333333336,
1663,55456.66666666667,
1664,55490.0,
1665,55523.333333333336,
1666,55556.66666666667,
1667,55590.0,
1668,55623.333333333336,
1669,55656.66666666667,
1670,55690.00000000001,
1671,55723.333333333336,
1672,55756.666666666664,
1673,55790.00000000001,
1674,55823.333333333336,
1675,55856.66666666667,
1676,55890.0,
1677,55923.333333333336,
1678,55956.66666666667,
1679,55990.0,
1680,56023.333333333336,
1681,56056.66666666667,
1682,56090.0,
1683,56123.333333333336,
1684,56156.66666666667,
1685,56190.00000000001,
1686,56223.333333333336,
1687,56256.666666666664,
1688,56290.00000000001,
1689,56323.333333333336,
1690,56356.66666666667,
1691,56390.0,
1692,56423.333333333336,
1693,56456.66666666667,
1694,56490.0,
1695,56523.333333333336,
1696,56556.66666666667,
1697,56590.0,
1698,56623.333333333336,
1699,56656.66666666667,
1700,56690.00000000001,
1701,56723.333333333336,
1702,56756.666666666664,
1703,56790.00000000001,
1704,56823.333333333336,
1705,56856.66666666667,
1706,56890.0,
1707,56923.333333333336,
1708,56956.66666666667,
1709,56990.0,
1710,57023.33333333334,
1711,57056.66666666667,
1712,57090.0,
1713,57123.333333333336,
1714,57156.66666666667,
1715,57190.00000000001,
1716,57223.333333333336,
1717,57256.666666666664,
1718,57290.00000000001,
1719,57323.333333333336,
1720,57356.66666666667,
1721,57390.0,
1722,57423.333333333336,
1723,57456.66666666667,
1724,57490.0,
1725,57523.33333333334,
1726,57556.66666666667,
1727,57590.0,
1728,57623.333333333336,
1729,57656.66666666667,
1730,57690.00000000001,
1731,57723.333333333336,
1732,57756.666666666664,
1733,57790.00000000001,
1734,57823.333333333336,
1735,57856.66666666667,
1736,57890.0,
1737,57923.333333333336,
1738,57956.66666666667,
1739,57990.0,
1740,58023.33333333334,
1741,58056.66666666667,
1742,58090.0,
1743,58123.333333333336,
1744,58156.66666666667,
1745,58190.00000000001,
1746,58223.333333333336,
1747,58256.666666666664,
1748,58290.00000000001,
1749,58325.0,
1750,58358.333333333336,
1751,58391.66666666667,
1752,58425.00000000001,
1753,58458.333333333336,
1754,58491.666666666664,
1755,58525.00000000001,
1756,58558.333333333336,
1757,58591.66666666667,
1758,58625.00000000001,
1759,58658.333333333336,
1760,58691.66666666667,
1761,58725.0,
1762,58758.33333333334,
1763,58791.66666666667,
1764,58825.0,
1765,58858.333333333336,
1766,58891.66666666667,
1767,58925.00000000001,
1768,58958.333333333336,
1769,58991.666666666664,
1770,59025.00000000001,
1771,59058.333333333336,
1772,59091.66666666667,
1773,59125.00000000001,
1774,59158.333333333336,
1775,59191.66666666667,
1776,59225.0,
1777,59258.33333333334,
1778,59291.66666666667,
1779,59325.0,
1780,59358.333333333336,
1781,59391.66666666667,
1782,59425.00000000001,
1783,59458.333333333336,
1784,59491.666666666664,
1785,59525.00000000001,
1786,59558.333333333336,
1787,59591.66666666667,
1788,59625.00000000001,
1789,59658.333333333336,
1790,59691.66666666667,
1791,59725.0,
1792,59758.33333333334,
1793,59791.66666666667,
1794,59825.0,
1795,59858.333333333336,
1796,59891.66666666667,
1797,59925.00000000001,
1798,59958.333333333336,
1799,59991.666666666664,
1800,60025.00000000001,
1801,60058.333333333336,
1802,60091.66666666667,
1803,60125.00000000001,
1804,60158.333333333336,
1805,60191.66666666667,
1806,60225.0,
1807,60258.33333333334,
1808,60291.66666666667,
1809,60325.0,
1810,60358.333333333336,
1811,60391.66666666667,
1812,60425.00000000001,
1813,60458.333333333336,
1814,60491.666666666664,
1815,60525.00000000001,
1816,60558.333333333336,
1817,60591.66666666667,
1818,60625.00000000001,
1819,60658.333333333336,
1820,60691.66666666667,
1821,60725.0,
1822,60758.33333333334,
1823,60791.66666666667,
1824,60825.0,
1825,60858.333333333336,
1826,60891.66666666667,
1827,60925.00000000001,
1828,60958.333333333336,
1829,60991.666666666664,
1830,61025.00000000001,
1831,61058.333333333336,
1832,61091.66666666667,
1833,61125.00000000001,
1834,61158.333333333336,
1835,61191.66666666667,
1836,61225.0,
1837,61258.33333333334,
1838,61291.66666666667,
1839,61325.0,
1840,61358.333333333336,
1841,61391.66666666667,
1842,61425.00000000001,
1843,61458.333333333336,
1844,61491.666666666664,
1845,61525.00000000001,
1846,61558.333333333336,
1847,61591.66666666667,
1848,61625.00000000001,
1849,61658.333333333336,
1850,61691.66666666667,
1851,61725.0,
1852,61758.33333333334,
1853,61791.66666666667,
1854,61825.0,
1855,61858.333333333336,
1856,61891.66666666667,
1857,61925.00000000001,
1858,61958.333333333336,
1859,61991.666666666664,
1860,62025.00000000001,
1861,62058.333333333336,
1862,62091.66666666667,
1863,62125.00000000001,
1864,62158.333333333336,
1865,62191.66666666667,
1866,62225.0,
1867,62258.33333333334,
1868,62291.66666666667,
1869,62325.0,
1870,62360.00000000001,
1871,62393.333333333336,
1872,62426.66666666667,
1873,62460.0,
1874,62493.33333333334,
1875,62526.66666666667,
1876,62560.0,
1877,62593.33333333334,
1878,62626.66666666667,
1879,62660.00000000001,
1880,62693.333333333336,
1881,62726.66666666667,
1882,62760.00000000001,
1883,62793.333333333336,
1884,62826.66666666667,
1885,62860.00000000001,
1886,62893.333333333336,
1887,62926.66666666667,
1888,62960.0,
1889,62993.33333333334,
1890,63026.66666666667,
1891,63060.0,
1892,63093.33333333334,
1893,63126.66666666667,
1894,63160.00000000001,
1895,63193.333333333336,
1896,63226.66666666667,
1897,63260.00000000001,
1898,63293.333333333336,
1899,63326.66666666667,
1900,63360.00000000001,
1901,63393.333333333336,
1902,63426.66666666667,
1903,63460.0,
1904,63493.33333333334,
1905,63526.66666666667,
1906,63560.0,
1907,63593.33333333334,
1908,63626.66666666667,
1909,63660.00000000001,
1910,63693.333333333336,
1911,63726.66666666667,
1912,63760.00000000001,
1913,63793.333333333336,
1914,63826.66666666667,
1915,63860.00000000001,
1916,63893.333333333336,
1917,63926.66666666667,
1918,63960.0,
1919,63993.33333333334,
1920,64026.66666666667,
1921,64060.0,
1922,64093.333333333336,
1923,64126.666666666664,
1924,64160.00000000001,
1925,64193.33333333334,
1926,64226.66666666667,
1927,64260.00000000001,
1928,64293.333333333336,
1929,64326.66666666667,
1930,64360.0,
1931,64393.33333333333,
1932,64426.66666666668,
1933,64460.00000000001,
1934,64493.33333333334,
1935,64526.66666666667,
1936,64560.0,
1937,64593.333333333336,
1938,64626.666666666664,
1939,64660.00000000001,
1940,64693.33333333334,
1941,64726.66666666667,
1942,64760.00000000001,
1943,64793.333333333336,
1944,64826.66666666667,
1945,64860.0,
1946,64893.33333333333,
1947,64926.66666666668,
1948,64960.00000000001,
1949,64993.33333333334,
1950,65026.66666666667,
1951,65060.0,
1952,65093.333333333336,
1953,65126.666666666664,
1954,65160.00000000001,
1955,65193.33333333334,
1956,65226.66666666667,
1957,65260.00000000001,
1958,65293.333333333336,
1959,65326.66666666667,
1960,65360.0,
1961,65393.33333333333,
1962,65426.66666666668,
1963,65460.00000000001,
1964,65493.33333333334,
1965,65526.66666666667,
1966,65560.0,
1967,65593.33333333333,
1968,65626.66666666667,
1969,65660.00000000001,
1970,65693.33333333334,
1971,65726.66666666667,
1972,65760.0,
1973,65793.33333333334,
1974,65826.66666666667,
1975,65860.0,
1976,65893.33333333333,
1977,65926.66666666667,
1978,65960.00000000001,
1979,65993.33333333334,
1980,66026.66666666667,
1981,66060.0,
1982,66093.33333333333,
1983,66126.66666666667,
1984,66160.00000000001,
1985,66193.33333333334,
1986,66226.66666666667,
1987,66260.0,
1988,66293.33333333334,
1989,66326.66666666667,
1990,66360.0,
1991,66395.00000000001,
1992,66428.33333333334,
1993,66461.66666666667,
1994,66495.0,
1995,66528.33333333334,
1996,66561.66666666667,
1997,66595.0,
1998,66628.33333333334,
1999,66661.66666666667,
2000,66695.00000000001,
2001,66728.33333333334,
2002,66761.66666666667,
2003,66795.0,
2004,66828.33333333333,
2005,66861.66666666667,
2006,66895.00000000001,
2007,66928.33333333334,
2008,66961.66666666667,
2009,66995.0,
2010,67028.33333333334,
2011,67061.66666666667,
2012,67095.0,
2013,67128.33333333334,
2014,67161.66666666667,
2015,67195.00000000001,
2016,67228.33333333334,
2017,67261.66666666667,
2018,67295.0,
2019,67328.33333333333,
2020,67361.66666666667,
2021,67395.00000000001,
2022,67428.33333333334,
2023,67461.66666666667,
2024,67495.0,
2025,67528.33333333334,
2026,67561.66666666667,
2027,67595.0,
2028,67628.33333333334,
2029,67661.66666666667,
2030,67695.00000000001,
2031,67728.33333333334,
2032,67761.66666666667,
2033,67795.0,
2034,67828.33333333333,
2035,67861.66666666667,
2036,67895.00000000001,
2037,67928.33333333334,
2038,67961.66666666667,
2039,67995.0,
2040,68028.33333333334,
2041,68061.66666666667,
2042,68095.0,
2043,68128.33333333334,
2044,68161.66666666667,
2045,68195.00000000001,
2046,68228.33333333334,
2047,68261.66666666667,
2048,68295.0,
2049,68328.33333333333,
2050,68361.66666666667,
2051,68395.00000000001,
2052,68428.33333333334,
2053,68461.66666666667,
2054,68495.0,
2055,68528.33333333334,
2056,68561.66666666667,
2057,68595.0,
2058,68628.33333333334,
2059,68661.66666666667,
2060,68695.00000000001,
2061,68728.33333333334,
2062,68761.66666666667,
2063,68795.0,
2064,68828.33333333333,
2065,68861.66666666667,
2066,68895.00000000001,
2067,68928.33333333334,
2068,68961.66666666667,
2069,68995.0,
2070,69028.33333333334,
2071,69061.66666666667,
2072,69095.0,
2073,69128.33333333334,
2074,69161.66666666667,
2075,69195.00000000001,
2076,69228.33333333334,
2077,69261.66666666667,
2078,69295.0,
2079,69328.33333333333,
2080,69361.66666666667,
2081,69395.00000000001,
2082,69428.33333333334,
2083,69461.66666666667,
2084,69495.0,
2085,69528.33333333334,
2086,69561.66666666667,
2087,69595.0,
2088,69628.33333333334,
2089,69661.66666666667,
2090,69695.00000000001,
2091,69728.33333333334,
2092,69761.66666666667,
2093,69795.0,
2094,69828.33333333333,
2095,69861.66666666667,
2096,69895.00000000001,
2097,69928.33333333334,
2098,69961.66666666667,
2099,69995.0,
2100,70028.33333333334,
2101,70061.66666666667,
2102,70095.0,
2103,70128.33333333334,
2104,70161.66666666667,
2105,70195.00000000001,
2106,70228.33333333334,
2107,70261.66666666667,
2108,70295.0,
2109,70328.33333333333,
2110,70361.66666666667,
2111,70395.00000000001,
2112,70430.0,
2113,70463.33333333334,
2114,70496.66666666667,
2115,70530.0,
2116,70563.33333333333,
2117,70596.66666666667,
2118,70630.00000000001,
2119,70663.33333333334,
2120,70696.66666666667,
2121,70730.0,
2122,70763.33333333333,
2123,70796.66666666667,
2124,70830.0,
2125,70863.33333333334,
2126,70896.66666666667,
2127,70930.0,
2128,70963.33333333334,
2129,70996.66666666667,
2130,71030.0,
2131,71063.33333333333,
2132,71096.66666666667,
2133,71130.00000000001,
2134,71163.33333333334,
2135,71196.66666666667,
2136,71230.0,
2137,71263.33333333333,
2138,71296.66666666667,
2139,71330.0,
2140,71363.33333333334,
2141,71396.66666666667,
2142,71430.0,
2143,71463.33333333334,
2144,71496.66666666667,
2145,71530.0,
2146,71563.33333333333,
2147,71596.66666666667,
2148,71630.00000000001,
2149,71663.33333333334,
2150,71696.66666666667,
2151,71730.0,
2152,71763.33333333333,
2153,71796.66666666667,
2154,71830.0,
2155,71863.33333333334,
2156,71896.66666666667,
2157,71930.0,
2158,71963.33333333334,
2159,71996.66666666667,
2160,72030.0,
2161,72063.33333333333,
2162,72096.66666666667,
2163,72130.00000000001,
2164,72163.33333333334,
2165,72196.66666666667,
2166,72230.0,
2167,72263.33333333333,
2168,72296.66666666667,
2169,72330.0,
2170,72363.33333333334,
2171,72396.66666666667,
2172,72430.0,
2173,72463.33333333334,
2174,72496.66666666667,
2175,72530.0,
2176,72563.33333333333,
2177,72596.66666666667,
2178,72630.00000000001,
2179,72663.33333333334,
2180,72696.66666666667,
2181,72730.0,
2182,72763.33333333333,
2183,72796.66666666667,
2184,72830.0,
2185,72863.33333333334,
2186,72896.66666666667,
2187,72930.0,
2188,72963.33333333334,
2189,72996.66666666667,
2190,73030.0,
2191,73063.33333333333,
2192,73096.66666666667,
2193,73130.00000000001,
2194,73163.33333333334,
2195,73196.66666666667,
2196,73230.0,
2197,73263.33333333333,
2198,73296.66666666667,
2199,73330.0,
2200,73363.33333333334,
2201,73396.66666666667,
2202,73430.0,
2203,73463.33333333334,
2204,73496.66666666667,
2205,73530.0,
2206,73563.33333333333,
2207,73596.66666666667,
2208,73630.00000000001,
2209,73663.33333333334,
2210,73696.66666666667,
2211,73730.0,
2212,73763.33333333333,
2213,73796.66666666667,
2214,73830.0,
2215,73863.33333333334,
2216,73896.66666666667,
2217,73930.0,
2218,73963.33333333334,
2219,73996.66666666667,
2220,74030.0,
2221,74063.33333333333,
2222,74096.66666666667,
2223,74130.00000000001,
2224,74163.33333333334,
2225,74196.66666666667,
2226,74230.0,
2227,74263.33333333333,
2228,74296.66666666667,
2229,74330.0,
2230,74363.33333333334,
2231,74396.66666666667,
2232,74431.66666666667,
2233,74465.0,
2234,74498.33333333333,
2235,74531.66666666667,
2236,74565.0,
2237,74598.33333333334,
2238,74631.66666666667,
2239,74665.0,
2240,74698.33333333334,
2241,74731.66666666667,
2242,74765.0,
2243,74798.33333333333,
2244,74831.66666666667,
2245,74865.00000000001,
2246,74898.33333333334,
2247,74931.66666666667,
2248,74965.0,
2249,74998.33333333333,
2250,75031.66666666667,
2251,75065.0,
2252,75098.33333333334,
2253,75131.66666666667,
2254,75165.0,
2255,75198.33333333334,
2256,75231.66666666667,
2257,75265.0,
2258,75298.33333333333,
2259,75331.66666666667,
2260,75365.00000000001,
2261,75398.33333333334,
2262,75431.66666666667,
2263,75465.0,
2264,75498.33333333333,
2265,75531.66666666667,
2266,75565.00000000001,
2267,75598.33333333334,
2268,75631.66666666667,
2269,75665.0,
2270,75698.33333333334,
2271,75731.66666666667,
2272,75765.0,
2273,75798.33333333333,
2274,75831.66666666667,
2275,75865.00000000001,
2276,75898.33333333334,
2277,75931.66666666667,
2278,75965.0,
2279,75998.33333333333,
2280,76031.66666666667,
2281,76065.00000000001,
2282,76098.33333333334,
2283,76131.66666666667,
2284,76165.0,
2285,76198.33333333334,
2286,76231.66666666667,
2287,76265.0,
2288,76298.33333333333,
2289,76331.66666666667,
2290,76365.00000000001,
2291,76398.33333333334,
2292,76431.66666666667,
2293,76465.0,
2294,76498.33333333333,
2295,76531.66666666667,
2296,76565.00000000001,
2297,76598.33333333334,
2298,76631.66666666667,
2299,76665.0,
2300,76698.33333333334,
2301,76731.66666666667,
2302,76765.0,
2303,76798.33333333333,
2304,76831.66666666667,
2305,76865.00000000001,
2306,76898.33333333334,
2307,76931.66666666667,
2308,76965.0,
2309,76998.33333333333,
2310,77031.66666666667,
2311,77065.00000000001,
2312,77098.33333333334,
2313,77131.66666666667,
2314,77165.0,
2315,77198.33333333334,
2316,77231.66666666667,
2317,77265.0,
2318,77298.33333333333,
2319,77331.66666666667,
2320,77365.00000000001,
2321,77398.33333333334,
2322,77431.66666666667,
2323,77465.0,
2324,77498.33333333333,
2325,77531.66666666667,
2326,77565.00000000001,
2327,77598.33333333334,
2328,77631.66666666667,
2329,77665.0,
2330,77698.33333333334,
2331,77731.66666666667,
2332,77765.0,
2333,77798.33333333333,
2334,77831.66666666667,
2335,77865.00000000001,
2336,77898.33333333334,
2337,77931.66666666667,
2338,77965.0,
2339,77998.33333333333,
2340,78031.66666666667,
2341,78065.00000000001,
2342,78098.33333333334,
2343,78131.66666666667,
2344,78165.0,
2345,78198.33333333334,
2346,78231.66666666667,
2347,78265.0,
2348,78298.33333333333,
2349,78331.66666666667,
2350,78365.00000000001,
2351,78398.33333333334,
2352,78431.66666666667,
2353,78466.66666666667,
2354,78500.0,
2355,78533.33333333333,
2356,78566.66666666667,
2357,78600.00000000001,
2358,78633.33333333334,
2359,78666.66666666667,
2360,78700.0,
2361,78733.33333333333,
2362,78766.66666666667,
2363,78800.00000000001,
2364,78833.33333333334,
2365,78866.66666666667,
2366,78900.0,
2367,78933.33333333334,
2368,78966.66666666667,
2369,79000.0,
2370,79033.33333333333,
2371,79066.66666666667,
2372,79100.00000000001,
2373,79133.33333333334,
2374,79166.66666666667,
2375,79200.0,
2376,79233.33333333333,
2377,79266.66666666667,
2378,79300.00000000001,
2379,79333.33333333334,
2380,79366.66666666667,
2381,79400.0,
2382,79433.33333333334,
2383,79466.66666666667,
2384,79500.0,
2385,79533.33333333333,
2386,79566.66666666667,
2387,79600.00000000001,
2388,79633.33333333334,
2389,79666.66666666667,
2390,79700.0,
2391,79733.33333333333,
2392,79766.66666666667,
2393,79800.00000000001,
2394,79833.33333333334,
2395,79866.66666666667,
2396,79900.0,
2397,79933.33333333334,
2398,79966.66666666667,
2399,80000.0,
2400,80033.33333333333,
2401,80066.66666666667,
2402,80100.00000000001,
2403,80133.33333333334,
2404,80166.66666666667,
2405,80200.0,
2406,80233.33333333333,
2407,80266.66666666667,
2408,80300.00000000001,
2409,80333.33333333334,
2410,80366.66666666667,
2411,80400.0,
2412,80433.33333333334,
2413,80466.66666666667,
2414,80500.0,
2415,80533.33333333333,
2416,80566.66666666667,
2417,80600.00000000001,
2418,80633.33333333334,
2419,80666.66666666667,
2420,80700.0,
2421,80733.33333333333,
2422,80766.66666666667,
2423,80800.00000000001,
2424,80833.33333333334,
2425,80866.66666666667,
2426,80900.0,
2427,80933.33333333334,
2428,80966.66666666667,
2429,81000.0,
2430,81033.33333333333,
2431,81066.66666666667,
2432,81100.00000000001,
2433,81133.33333333334,
2434,81166.66666666667,
2435,81200.0,
2436,81233.33333333333,
2437,81266.66666666667,
2438,81300.00000000001,
2439,81333.33333333334,
2440,81366.66666666667,
2441,81400.0,
2442,81433.33333333334,
2443,81466.66666666667,
2444,81500.0,
2445,81533.33333333334,
2446,81566.66666666667,
2447,81600.00000000001,
2448,81633.33333333334,
2449,81666.66666666667,
2450,81700.0,
2451,81733.33333333333,
2452,81766.66666666667,
2453,81800.00000000001,
2454,81833.33333333334,
2455,81866.66666666667,
2456,81900.0,
2457,81933.33333333334,
2458,81966.66666666667,
2459,82000.0,
2460,82033.33333333334,
2461,82066.66666666667,
2462,82100.00000000001,
2463,82133.33333333334,
2464,82166.66666666667,
2465,82200.0,
2466,82233.33333333333,
2467,82266.66666666667,
2468,82300.00000000001,
2469,82333.33333333334,
2470,82366.66666666667,
2471,82400.0,
2472,82433.33333333334,
2473,82468.33333333333,
2474,82501.66666666667,
2475,82535.00000000001,
2476,82568.33333333334,
2477,82601.66666666667,
2478,82635.0,
2479,82668.33333333334,
2480,82701.66666666667,
2481,82735.0,
2482,82768.33333333334,
2483,82801.66666666667,
2484,82835.00000000001,
2485,82868.33333333334,
2486,82901.66666666667,
2487,82935.0,
2488,82968.33333333333,
2489,83001.66666666667,
2490,83035.00000000001,
2491,83068.33333333334,
2492,83101.66666666667,
2493,83135.0,
2494,83168.33333333334,
2495,83201.66666666667,
2496,83235.0,
2497,83268.33333333334,
2498,83301.66666666667,
2499,83335.00000000001,
2500,83368.33333333334,
2501,83401.66666666667,
2502,83435.0,
2503,83468.33333333333,
2504,83501.66666666667,
2505,83535.00000000001,
2506,83568.33333333334,
2507,83601.66666666667,
2508,83635.0,
2509,83668.33333333334,
2510,83701.66666666667,
2511,83735.0,
2512,83768.33333333334,
2513,83801.66666666667,
2514,83835.00000000001,
2515,83868.33333333334,
2516,83901.66666666667,
2517,83935.0,
2518,83968.33333333333,
2519,84001.66666666667,
2520,84035.00000000001,
2521,84068.33333333334,
2522,84101.66666666667,
2523,84135.0,
2524,84168.33333333334,
2525,84201.66666666667,
2526,84235.0,
2527,84268.33333333334,
2528,84301.66666666667,
2529,84335.00000000001,
2530,84368.33333333334,
2531,84401.66666666667,
2532,84435.0,
2533,84468.33333333333,
2534,84501.66666666667,
2535,84535.00000000001,
2536,84568.33333333334,
2537,84601.66666666667,
2538,84635.0,
2539,84668.33333333334,
2540,84701.66666666667,
2541,84735.0,
2542,84768.33333333334,
2543,84801.66666666667,
2544,84835.00000000001,
2545,84868.33333333334,
2546,84901.66666666667,
2547,84935.0,
2548,84968.33333333333,
2549,85001.66666666667,
2550,85035.00000000001,
2551,85068.33333333334,
2552,85101.66666666667,
2553,85135.0,
2554,85168.33333333334,
2555,85201.66666666667,
2556,85235.0,
2557,85268.33333333334,
2558,85301.66666666667,
2559,85335.00000000001,
2560,85368.33333333334,
2561,85401.66666666667,
2562,85435.0,
2563,85468.33333333333,
2564,85501.66666666667,
2565,85535.00000000001,
2566,85568.33333333334,
2567,85601.66666666667,
2568,85635.0,
2569,85668.33333333334,
2570,85701.66666666667,
2571,85735.0,
2572,85768.33333333334,
2573,85801.66666666667,
2574,85835.00000000001,
2575,85868.33333333334,
2576,85901.66666666667,
2577,85935.0,
2578,85968.33333333333,
2579,86001.66666666667,
2580,86035.00000000001,
2581,86068.33333333334,
2582,86101.66666666667,
2583,86135.0,
2584,86168.33333333334,
2585,86201.66666666667,
2586,86235.0,
2587,86268.33333333334,
2588,86301.66666666667,
2589,86335.00000000001,
2590,86368.33333333334,
2591,86401.66666666667,
2592,86435.0,
2593,86470.0,
2594,86503.33333333334,
2595,86536.66666666667,
2596,86570.00000000001,
2597,86603.33333333334,
2598,86636.66666666667,
2599,86670.0,
2600,86703.33333333333,
2601,86736.66666666669,
2602,86770.00000000001,
2603,86803.33333333334,
2604,86836.66666666667,
2605,86870.0,
2606,86903.33333333334,
2607,86936.66666666667,
2608,86970.0,
2609,87003.33333333334,
2610,87036.66666666667,
2611,87070.00000000001,
2612,87103.33333333334,
2613,87136.66666666667,
2614,87170.0,
2615,87203.33333333333,
2616,87236.66666666669,
2617,87270.00000000001,
2618,87303.33333333334,
2619,87336.66666666667,
2620,87370.0,
2621,87403.33333333334,
2622,87436.66666666667,
2623,87470.0,
2624,87503.33333333334,
2625,87536.66666666667,
2626,87570.00000000001,
2627,87603.33333333334,
2628,87636.66666666667,
2629,87670.0,
2630,87703.33333333333,
2631,87736.66666666669,
2632,87770.00000000001,
2633,87803.33333333334,
2634,87836.66666666667,
2635,87870.0,
2636,87903.33333333334,
2637,87936.66666666667,
2638,87970.0,
2639,88003.33333333334,
2640,88036.66666666667,
2641,88070.00000000001,
2642,88103.33333333334,
2643,88136.66666666667,
2644,88170.0,
2645,88203.33333333333,
2646,88236.66666666669,
2647,88270.00000000001,
2648,88303.33333333334,
2649,88336.66666666667,
2650,88370.0,
2651,88403.33333333334,
2652,88436.66666666667,
2653,88470.0,
2654,88503.33333333334,
2655,88536.66666666667,
2656,88570.00000000001,
2657,88603.33333333334,
2658,88636.66666666667,
2659,88670.0,
2660,88703.33333333333,
2661,88736.66666666669,
2662,88770.00000000001,
2663,88803.33333333334,
2664,88836.66666666667,
2665,88870.0,
2666,88903.33333333334,
2667,88936.66666666667,
2668,88970.0,
2669,89003.33333333334,
2670,89036.66666666667,
2671,89070.00000000001,
2672,89103.33333333334,
2673,89136.66666666667,
2674,89170.0,
2675,89203.33333333333,
2676,89236.66666666669,
2677,89270.00000000001,
2678,89303.33333333334,
2679,89336.66666666667,
2680,89370.0,
2681,89403.33333333334,
2682,89436.66666666667,
2683,89470.0,
2684,89503.33333333334,
2685,89536.66666666667,
2686,89570.00000000001,
2687,89603.33333333334,
2688,89636.66666666667,
2689,89670.0,
2690,89703.33333333333,
2691,89736.66666666669,
2692,89770.00000000001,
2693,89803.33333333334,
2694,89836.66666666667,
2695,89870.0,
2696,89903.33333333334,
2697,89936.66666666667,
2698,89970.0,
2699,90003.33333333334,
2700,90036.66666666667,
2701,90070.00000000001,
2702,90103.33333333334,
2703,90136.66666666667,
2704,90170.0,
2705,90203.33333333333,
2706,90236.66666666669,
2707,90270.00000000001,
2708,90303.33333333334,
2709,90336.66666666667,
2710,90370.0,
2711,90403.33333333334,
2712,90436.66666666667,
2713,90471.66666666667,
2714,90505.00000000001,
2715,90538.33333333334,
2716,90571.66666666667,
2717,90605.0,
2718,90638.33333333333,
2719,90671.66666666667,
2720,90705.00000000001,
2721,90738.33333333334,
2722,90771.66666666667,
2723,90805.0,
2724,90838.33333333334,
2725,90871.66666666667,
2726,90905.0,
2727,90938.33333333333,
2728,90971.66666666667,
2729,91005.00000000001,
2730,91038.33333333334,
2731,91071.66666666667,
2732,91105.0,
2733,91138.33333333333,
2734,91171.66666666667,
2735,91205.00000000001,
2736,91238.33333333334,
2737,91271.66666666667,
2738,91305.0,
2739,91338.33333333334,
2740,91371.66666666667,
2741,91405.0,
2742,91438.33333333333,
2743,91471.66666666667,
2744,91505.00000000001,
2745,91538.33333333334,
2746,91571.66666666667,
2747,91605.0,
2748,91638.33333333333,
2749,91671.66666666667,
2750,91705.00000000001,
2751,91738.33333333334,
2752,91771.66666666667,
2753,91805.0,
2754,91838.33333333334,
2755,91871.66666666667,
2756,91905.0,
2757,91938.33333333333,
2758,91971.66666666667,
2759,92005.00000000001,
2760,92038.33333333334,
2761,92071.66666666667,
2762,92105.0,
2763,92138.33333333333,
2764,92171.66666666667,
2765,92205.00000000001,
2766,92238.33333333334,
2767,92271.66666666667,
2768,92305.0,
2769,92338.33333333334,
2770,92371.66666666667,
2771,92405.0,
2772,92438.33333333333,
2773,92471.66666666667,
2774,92505.00000000001,
2775,92538.33333333334,
2776,92571.66666666667,
2777,92605.0,
2778,92638.33333333333,
2779,92671.66666666667,
2780,92705.00000000001,
2781,92738.33333333334,
2782,92771.66666666667,
2783,92805.0,
2784,92838.33333333334,
2785,92871.66666666667,
2786,92905.0,
2787,92938.33333333333,
2788,92971.66666666667,
2789,93005.00000000001,
2790,93038.33333333334,
2791,93071.66666666667,
2792,93105.0,
2793,93138.33333333333,
2794,93171.66666666667,
2795,93205.00000000001,
2796,93238.33333333334,
2797,93271.66666666667,
2798,93305.0,
2799,93338.33333333334,
2800,93371.66666666667,
2801,93405.0,
2802,93438.33333333333,
2803,93471.66666666667,
2804,93505.00000000001,
2805,93538.33333333334,
2806,93571.66666666667,
2807,93605.0,
2808,93638.33333333333,
2809,93671.66666666667,
2810,93705.00000000001,
2811,93738.33333333334,
2812,93771.66666666667,
2813,93805.0,
2814,93838.33333333334,
2815,93871.66666666667,
2816,93905.0,
2817,93938.33333333333,
2818,93971.66666666667,
2819,94005.00000000001,
2820,94038.33333333334,
2821,94071.66666666667,
2822,94105.0,
2823,94138.33333333333,
2824,94171.66666666667,
2825,94205.00000000001,
2826,94238.33333333334,
2827,94271.66666666667,
2828,94305.0,
2829,94338.33333333334,
2830,94371.66666666667,
2831,94405.0,
2832,94438.33333333333,
2833,94471.66666666667,
2834,94505.00000000001,
2835,94540.0,
2836,94573.33333333334,
2837,94606.66666666667,
2838,94640.0,
2839,94673.33333333334,
2840,94706.66666666667,
2841,94740.00000000001,
2842,94773.33333333334,
2843,94806.66666666667,
2844,94840.0,
2845,94873.33333333333,
2846,94906.66666666667,
2847,94940.00000000001,
2848,94973.33333333334,
2849,95006.66666666667,
2850,95040.0,
2851,95073.33333333334,
2852,95106.66666666667,
2853,95140.0,
2854,95173.33333333334,
2855,95206.66666666667,
2856,95240.00000000001,
2857,95273.33333333334,
2858,95306.66666666667,
2859,95340.0,
2860,95373.33333333333,
2861,95406.66666666667,
2862,95440.00000000001,
2863,95473.33333333334,
2864,95506.66666666667,
2865,95540.0,
2866,95573.33333333334,
2867,95606.66666666667,
2868,95640.0,
2869,95673.33333333334,
2870,95706.66666666667,
2871,95740.00000000001,
2872,95773.33333333334,
2873,95806.66666666667,
2874,95840.0,
2875,95873.33333333333,
2876,95906.66666666667,
2877,95940.00000000001,
2878,95973.33333333334,
2879,96006.66666666667,
2880,96040.0,
2881,96073.33333333334,
2882,96106.66666666667,
2883,96140.0,
2884,96173.33333333334,
2885,96206.66666666667,
2886,96240.00000000001,
2887,96273.33333333334,
2888,96306.66666666667,
2889,96340.0,
2890,96373.33333333333,
2891,96406.66666666667,
2892,96440.00000000001,
2893,96473.33333333334,
2894,96506.66666666667,
2895,96540.0,
2896,96573.33333333334,
2897,96606.66666666667,
2898,96640.0,
2899,96673.33333333334,
2900,96706.66666666667,
2901,96740.00000000001,
2902,96773.33333333334,
2903,96806.66666666667,
2904,96840.0,
2905,96873.33333333333,
2906,96906.66666666667,
2907,96940.00000000001,
2908,96973.33333333334,
2909,97006.66666666667,
2910,97040.0,
2911,97073.33333333334,
2912,97106.66666666667,
2913,97140.0,
2914,97173.33333333334,
2915,97206.66666666667,
2916,97240.00000000001,
2917,97273.33333333334,
2918,97306.66666666667,
2919,97340.0,
2920,97373.33333333333,
2921,97406.66666666667,
2922,97440.00000000001,
2923,97473.33333333334,
2924,97506.66666666667,
2925,97540.0,
2926,97573.33333333334,
2927,97606.66666666667,
2928,97640.0,
2929,97673.33333333334,
2930,97706.66666666667,
2931,97740.00000000001,
2932,97773.33333333334,
2933,97806.66666666667,
2934,97840.0,
2935,97873.33333333333,
2936,97906.66666666667,
2937,97940.00000000001,
2938,97973.33333333334,
2939,98006.66666666667,
2940,98040.0,
2941,98073.33333333334,
2942,98106.66666666667,
2943,98140.0,
2944,98173.33333333334,
2945,98206.66666666667,
2946,98240.00000000001,
2947,98273.33333333334,
2948,98306.66666666667,
2949,98340.0,
2950,98373.33333333333,
2951,98406.66666666667,
2952,98440.00000000001,
2953,98473.33333333334,
2954,98506.66666666667,
2955,98541.66666666667,
2956,98575.0,
2957,98608.33333333333,
2958,98641.66666666669,
2959,98675.00000000001,
2960,98708.33333333334,
2961,98741.66666666667,
2962,98775.0,
2963,98808.33333333334,
2964,98841.66666666667,
2965,98875.0,
2966,98908.33333333334,
2967,98941.66666666667,
2968,98975.00000000001,
2969,99008.33333333334,
2970,99041.66666666667,
2971,99075.0,
2972,99108.33333333333,
2973,99141.66666666669,
2974,99175.00000000001,
2975,99208.33333333334,
2976,99241.66666666667,
2977,99275.0,
2978,99308.33333333334,
2979,99341.66666666667,
2980,99375.0,
2981,99408.33333333334,
2982,99441.66666666667,
2983,99475.00000000001,
2984,99508.33333333334,
2985,99541.66666666667,
2986,99575.0,
2987,99608.33333333333,
2988,99641.66666666669,
2989,99675.00000000001,
2990,99708.33333333334,
2991,99741.66666666667,
2992,99775.0,
2993,99808.33333333334,
2994,99841.66666666667,
2995,99875.0,
2996,99908.33333333334,
2997,99941.66666666667,
2998,99975.00000000001,
2999,100008.33333333334,
3000,100041.66666666667,
3001,100075.0,
3002,100108.33333333333,
3003,100141.66666666669,
3004,100175.00000000001,
3005,100208.33333333334,
3006,100241.66666666667,
3007,100275.0,
3008,100308.33333333334,
3009,100341.66666666667,
3010,100375.0,
3011,100408.33333333334,
3012,100441.66666666667,
3013,100475.00000000001,
3014,100508.33333333334,
3015,100541.66666666667,
3016,100575.0,
3017,100608.33333333333,
3018,100641.66666666669,
3019,100675.00000000001,
3020,100708.33333333334,
3021,100741.66666666667,
3022,100775.0,
3023,100808.33333333334,
3024,100841.66666666667,
3025,100875.0,
3026,100908.33333333334,
3027,100941.66666666667,
3028,100975.00000000001,
3029,101008.33333333334,
3030,101041.66666666667,
3031,101075.0,
3032,101108.33333333333,
3033,101141.66666666669,
3034,101175.00000000001,
3035,101208.33333333334,
3036,101241.66666666667,
3037,101275.0,
3038,101308.33333333334,
3039,101341.66666666667,
3040,101375.0,
3041,101408.33333333334,
3042,101441.66666666667,
3043,101475.00000000001,
3044,101508.33333333334,
3045,101541.66666666667,
3046,101575.0,
3047,101608.33333333333,
3048,101641.66666666669,
3049,101675.00000000001,
3050,101708.33333333334,
3051,101741.66666666667,
3052,101775.0,
3053,101808.33333333334,
3054,101841.66666666667,
3055,101875.0,
3056,101908.33333333334,
3057,101941.66666666667,
3058,101975.00000000001,
3059,102008.33333333334,
3060,102041.66666666667,
3061,102075.0,
3062,102108.33333333333,
3063,102141.66666666669,
3064,102175.00000000001,
3065,102208.33333333334,
3066,102241.66666666667,
3067,102275.0,
3068,102308.33333333334,
3069,102341.66666666667,
3070,102375.0,
3071,102408.33333333334,
3072,102441.66666666667,
3073,102475.00000000001,
3074,102508.33333333334,
3075,102543.33333333334,
3076,102576.66666666667,
3077,102610.00000000001,
3078,102643.33333333334,
3079,102676.66666666667,
3080,102710.00000000001,
3081,102743.33333333334,
3082,102776.66666666667,
3083,102810.0,
3084,102843.33333333333,
3085,102876.66666666669,
3086,102910.00000000001,
3087,102943.33333333334,
3088,102976.66666666667,
3089,103010.0,
3090,103043.33333333334,
3091,103076.66666666667,
3092,103110.00000000001,
3093,103143.33333333334,
3094,103176.66666666667,
3095,103210.00000000001,
3096,103243.33333333334,
3097,103276.66666666667,
3098,103310.0,
3099,103343.33333333333,
3100,103376.66666666669,
3101,103410.00000000001,
3102,103443.33333333334,
3103,103476.66666666667,
3104,103510.0,
3105,103543.33333333334,
3106,103576.66666666667,
3107,103610.00000000001,
3108,103643.33333333334,
3109,103676.66666666667,
3110,103710.00000000001,
3111,103743.33333333334,
3112,103776.66666666667,
3113,103810.0,
3114,103843.33333333333,
3115,103876.66666666669,
3116,103910.00000000001,
3117,103943.33333333334,
3118,103976.66666666667,
3119,104010.0,
3120,104043.33333333334,
3121,104076.66666666667,
3122,104110.00000000001,
3123,104143.33333333334,
3124,104176.66666666667,
3125,104210.00000000001,
3126,104243.33333333334,
3127,104276.66666666667,
3128,104310.0,
3129,104343.33333333333,
3130,104376.66666666669,
3131,104410.00000000001,
3132,104443.33333333334,
3133,104476.66666666667,
3134,104510.0,
3135,104543.33333333334,
3136,104576.66666666667,
3137,104610.00000000001,
3138,104643.33333333334,
3139,104676.66666666667,
3140,104710.00000000001,
3141,104743.33333333334,
3142,104776.66666666667,
3143,104810.0,
3144,104843.33333333333,
3145,104876.66666666669,
3146,104910.00000000001,
3147,104943.33333333334,
3148,104976.66666666667,
3149,105010.0,
3150,105043.33333333334,
3151,105076.66666666667,
3152,105110.00000000001,
3153,105143.33333333334,
3154,105176.66666666667,
3155,105210.00000000001,
3156,105243.33333333334,
3157,105276.66666666667,
3158,105310.0,
3159,105343.33333333333,
3160,105376.66666666669,
3161,105410.00000000001,
3162,105443.33333333334,
3163,105476.66666666667,
3164,105510.0,
3165,105543.33333333334,
3166,105576.66666666667,
3167,105610.00000000001,
3168,105643.33333333334,
3169,105676.66666666667,
3170,105710.00000000001,
3171,105743.33333333334,
3172,105776.66666666667,
3173,105810.0,
3174,105843.33333333333,
3175,105876.66666666669,
3176,105910.00000000001,
3177,105943.33333333334,
3178,105976.66666666667,
3179,106010.0,
3180,106043.33333333334,
3181,106076.66666666667,
3182,106110.00000000001,
3183,106143.33333333334,
3184,106176.66666666667,
3185,106210.00000000001,
3186,106243.33333333334,
3187,106276.66666666667,
3188,106310.0,
3189,106343.33333333333,
3190,106376.66666666669,
3191,106410.00000000001,
3192,106443.33333333334,
3193,106476.66666666667,
3194,106510.0,
3195,106543.33333333334,
3196,106576.66666666667,
3197,106611.66666666669,
3198,106645.00000000001,
3199,106678.33333333334,
3200,106711.66666666667,
3201,106745.0,
3202,106778.33333333334,
3203,106811.66666666667,
3204,106845.00000000001,
3205,106878.33333333334,
3206,106911.66666666667,
3207,106945.00000000001,
3208,106978.33333333334,
3209,107011.66666666667,
3210,107045.0,
3211,107078.33333333333,
3212,107111.66666666669,
3213,107145.00000000001,
3214,107178.33333333334,
3215,107211.66666666667,
3216,107245.0,
3217,107278.33333333334,
3218,107311.66666666667,
3219,107345.00000000001,
3220,107378.33333333334,
3221,107411.66666666667,
3222,107445.00000000001,
3223,107478.33333333334,
3224,107511.66666666667,
3225,107545.0,
3226,107578.33333333333,
3227,107611.66666666669,
3228,107645.00000000001,
3229,107678.33333333334,
3230,107711.66666666667,
3231,107745.0,
3232,107778.33333333334,
3233,107811.66666666667,
3234,107845.00000000001,
3235,107878.33333333334,
3236,107911.66666666667,
3237,107945.00000000001,
3238,107978.33333333334,
3239,108011.66666666667,
3240,108045.0,
3241,108078.33333333334,
3242,108111.66666666669,
3243,108145.00000000001,
3244,108178.33333333334,
3245,108211.66666666667,
3246,108245.0,
3247,108278.33333333334,
3248,108311.66666666667,
3249,108345.00000000001,
3250,108378.33333333334,
3251,108411.66666666667,
3252,108445.00000000001,
3253,108478.33333333334,
3254,108511.66666666667,
3255,108545.0,
3256,108578.33333333334,
3257,108611.66666666669,
3258,108645.00000000001,
3259,108678.33333333334,
3260,108711.66666666667,
3261,108745.0,
3262,108778.33333333334,
3263,108811.66666666667,
3264,108845.00000000001,
3265,108878.33333333334,
3266,108911.66666666667,
3267,108945.00000000001,
3268,108978.33333333334,
3269,109011.66666666667,
3270,109045.0,
3271,109078.33333333334,
3272,109111.66666666669,
3273,109145.00000000001,
3274,109178.33333333334,
3275,109211.66666666667,
3276,109245.0,
3277,109278.33333333334,
3278,109311.66666666667,
3279,109345.00000000001,
3280,109378.33333333334,
3281,109411.66666666667,
3282,109445.00000000001,
3283,109478.33333333334,
3284,109511.66666666667,
3285,109545.0,
3286,109578.33333333334,
3287,109611.66666666669,
3288,109645.00000000001,
3289,109678.33333333334,
3290,109711.66666666667,
3291,109745.0,
3292,109778.33333333334,
3293,109811.66666666667,
3294,109845.00000000001,
3295,109878.33333333334,
3296,109911.66666666667,
3297,109945.00000000001,
3298,109978.33333333334,
3299,110011.66666666667,
3300,110045.0,
3301,110078.33333333334,
3302,110111.66666666669,
3303,110145.00000000001,
3304,110178.33333333334,
3305,110211.66666666667,
3306,110245.0,
3307,110278.33333333334,
3308,110311.66666666667,
3309,110345.00000000001,
3310,110378.33333333334,
3311,110411.66666666667,
3312,110445.00000000001,
3313,110478.33333333334,
3314,110511.66666666667,
3315,110545.0,
3316,110578.33333333334,
3317,110613.33333333334,
3318,110646.66666666667,
3319,110680.0,
3320,110713.33333333334,
3321,110746.66666666667,
3322,110780.0,
3323,110813.33333333334,
3324,110846.66666666667,
3325,110880.00000000001,
3326,110913.33333333334,
3327,110946.66666666667,
3328,110980.0,
3329,111013.33333333333,
3330,111046.66666666667,
3331,111080.00000000001,
3332,111113.33333333334,
3333,111146.66666666667,
3334,111180.0,
3335,111213.33333333334,
3336,111246.66666666667,
3337,111280.0,
3338,111313.33333333334,
3339,111346.66666666667,
3340,111380.00000000001,
3341,111413.33333333334,
3342,111446.66666666667,
3343,111480.0,
3344,111513.33333333333,
3345,111546.66666666667,
3346,111580.00000000001,
3347,111613.33333333334,
3348,111646.66666666667,
3349,111680.0,
3350,111713.33333333334,
3351,111746.66666666667,
3352,111780.0,
3353,111813.33333333334,
3354,111846.66666666667,
3355,111880.00000000001,
3356,111913.33333333334,
3357,111946.66666666667,
3358,111980.0,
3359,112013.33333333333,
3360,112046.66666666667,
3361,112080.00000000001,
3362,112113.33333333334,
3363,112146.66666666667,
3364,112180.0,
3365,112213.33333333334,
3366,112246.66666666667,
3367,112280.0,
3368,112313.33333333334,
3369,112346.66666666667,
3370,112380.00000000001,
3371,112413.33333333334,
3372,112446.66666666667,
3373,112480.0,
3374,112513.33333333333,
3375,112546.66666666667,
3376,112580.00000000001,
3377,112613.33333333334,
3378,112646.66666666667,
3379,112680.0,
3380,112713.33333333334,
3381,112746.66666666667,
3382,112780.0,
3383,112813.33333333334,
3384,112846.66666666667,
3385,112880.00000000001,
3386,112913.33333333334,
3387,112946.66666666667,
3388,112980.0,
3389,113013.33333333333,
3390,113046.66666666667,
3391,113080.00000000001,
3392,113113.33333333334,
3393,113146.66666666667,
3394,113180.0,
3395,113213.33333333334,
3396,113246.66666666667,
3397,113280.0,
3398,113313.33333333334,
3399,113346.66666666667,
3400,113380.00000000001,
3401,113413.33333333334,
3402,113446.66666666667,
3403,113480.0,
3404,113513.33333333333,
3405,113546.66666666667,
3406,113580.00000000001,
3407,113613.33333333334,
3408,113646.66666666667,
3409,113680.0,
3410,113713.33333333334,
3411,113746.66666666667,
3412,113780.0,
3413,113813.33333333334,
3414,113846.66666666667,
3415,113880.00000000001,
3416,113913.33333333334,
3417,113946.66666666667,
3418,113980.0,
3419,114013.33333333333,
3420,114046.66666666669,
3421,114080.00000000001,
3422,114113.33333333334,
3423,114146.66666666667,
3424,114180.0,
3425,114213.33333333334,
3426,114246.66666666667,
3427,114280.0,
3428,114313.33333333334,
3429,114346.66666666667,
3430,114380.00000000001,
3431,114413.33333333334,
3432,114446.66666666667,
3433,114480.0,
3434,114513.33333333333,
3435,114546.66666666669,
3436,114580.00000000001,
3437,114615.00000000001,
3438,114648.33333333334,
3439,114681.66666666667,
3440,114715.0,
3441,114748.33333333333,
3442,114781.66666666669,
3443,114815.00000000001,
3444,114848.33333333334,
3445,114881.66666666667,
3446,114915.0,
3447,114948.33333333334,
3448,114981.66666666667,
3449,115015.0,
3450,115048.33333333334,
3451,115081.66666666667,
3452,115115.00000000001,
3453,115148.33333333334,
3454,115181.66666666667,
3455,115215.0,
3456,115248.33333333333,
3457,115281.66666666669,
3458,115315.00000000001,
3459,115348.33333333334,
3460,115381.66666666667,
3461,115415.0,
3462,115448.33333333334,
3463,115481.66666666667,
3464,115515.0,
3465,115548.33333333334,
3466,115581.66666666667,
3467,115615.00000000001,
3468,115648.33333333334,
3469,115681.66666666667,
3470,115715.0,
3471,115748.33333333333,
3472,115781.66666666669,
3473,115815.00000000001,
3474,115848.33333333334,
3475,115881.66666666667,
3476,115915.0,
3477,115948.33333333334,
3478,115981.66666666667,
3479,116015.0,
3480,116048.33333333334,
3481,116081.66666666667,
3482,116115.00000000001,
3483,116148.33333333334,
3484,116181.66666666667,
3485,116215.0,
3486,116248.33333333333,
3487,116281.66666666669,
3488,116315.00000000001,
3489,116348.33333333334,
3490,116381.66666666667,
3491,116415.0,
3492,116448.33333333334,
3493,116481.66666666667,
3494,116515.0,
3495,116548.33333333334,
3496,116581.66666666667,
3497,116615.00000000001,
3498,116648.33333333334,
3499,116681.66666666667,
3500,116715.0,
3501,116748.33333333333,
3502,116781.66666666669,
3503,116815.00000000001,
3504,116848.33333333334,
3505,116881.66666666667,
3506,116915.0,
3507,116948.33333333334,
3508,116981.66666666667,
3509,117015.0,
3510,117048.33333333334,
3511,117081.66666666667,
3512,117115.00000000001,
3513,117148.33333333334,
3514,117181.66666666667,
3515,117215.0,
3516,117248.33333333333,
3517,117281.66666666669,
3518,117315.00000000001,
3519,117348.33333333334,
3520,117381.66666666667,
3521,117415.0,
3522,117448.33333333334,
3523,117481.66666666667,
3524,117515.0,
3525,117548.33333333334,
3526,117581.66666666667,
3527,117615.00000000001,
3528,117648.33333333334,
3529,117681.66666666667,
3530,117715.0,
3531,117748.33333333333,
3532,117781.66666666669,
3533,117815.00000000001,
3534,117848.33333333334,
3535,117881.66666666667,
3536,117915.0,
3537,117948.33333333334,
3538,117981.66666666667,
3539,118015.0,
3540,118048.33333333334,
3541,118081.66666666667,
3542,118115.00000000001,
3543,118148.33333333334,
3544,118181.66666666667,
3545,118215.0,
3546,118248.33333333333,
3547,118281.66666666669,
3548,118315.00000000001,
3549,118348.33333333334,
3550,118381.66666666667,
3551,118415.0,
3552,118448.33333333334,
3553,118481.66666666667,
3554,118515.0,
3555,118548.33333333334,
3556,118581.66666666667,
3557,118615.00000000001,
3558,118648.33333333334,
3559,118683.33333333334,
3560,118716.66666666667,
3561,118750.00000000001,
3562,118783.33333333334,
3563,118816.66666666667,
3564,118850.00000000001,
3565,118883.33333333334,
3566,118916.66666666667,
3567,118950.0,
3568,118983.33333333333,
3569,119016.66666666669,
3570,119050.00000000001,
3571,119083.33333333334,
3572,119116.66666666667,
3573,119150.0,
3574,119183.33333333334,
3575,119216.66666666667,
3576,119250.00000000001,
3577,119283.33333333334,
3578,119316.66666666667,
3579,119350.00000000001,
3580,119383.33333333334,
3581,119416.66666666667,
3582,119450.0,
3583,119483.33333333333,
3584,119516.66666666669,
3585,119550.00000000001,
3586,119583.33333333334,
3587,119616.66666666667,
3588,119650.0,
3589,119683.33333333334,
3590,119716.66666666667,
3591,119750.00000000001,
3592,119783.33333333334,
3593,119816.66666666667,
3594,119850.00000000001,
3595,119883.33333333334,
3596,119916.66666666667,
3597,119950.0,
3598,119983.33333333333,
3599,120016.66666666669,
3600,120050.00000000001,
3601,120083.33333333334,
3602,120116.66666666667,
3603,120150.0,
3604,120183.33333333334,
3605,120216.66666666667,
3606,120250.00000000001,
3607,120283.33333333334,
3608,120316.66666666667,
3609,120350.00000000001,
3610,120383.33333333334,
3611,120416.66666666667,
3612,120450.0,
3613,120483.33333333333,
3614,120516.66666666669,
3615,120550.00000000001,
3616,120583.33333333334,
3617,120616.66666666667,
3618,120650.0,
3619,120683.33333333334,
3620,120716.66666666667,
3621,120750.00000000001,
3622,120783.33333333334,
3623,120816.66666666667,
3624,120850.00000000001,
3625,120883.33333333334,
3626,120916.66666666667,
3627,120950.0,
3628,120983.33333333333,
3629,121016.66666666669,
3630,121050.00000000001,
3631,121083.33333333334,
3632,121116.66666666667,
3633,121150.0,
3634,121183.33333333334,
3635,121216.66666666667,
3636,121250.00000000001,
3637,121283.33333333334,
3638,121316.66666666667,
3639,121350.00000000001,
3640,121383.33333333334,
3641,121416.66666666667,
3642,121450.0,
3643,121483.33333333333,
3644,121516.66666666669,
3645,121550.00000000001,
3646,121583.33333333334,
3647,121616.66666666667,
3648,121650.0,
3649,121683.33333333334,
3650,121716.66666666667,
3651,121750.00000000001,
3652,121783.33333333334,
3653,121816.66666666667,
3654,121850.00000000001,
3655,121883.33333333334,
3656,121916.66666666667,
3657,121950.0,
3658,121983.33333333333,
3659,122016.66666666669,
3660,122050.00000000001,
3661,122083.33333333334,
3662,122116.66666666667,
3663,122150.0,
3664,122183.33333333334,
3665,122216.66666666667,
3666,122250.00000000001,
3667,122283.33333333334,
3668,122316.66666666667,
3669,122350.00000000001,
3670,122383.33333333334,
3671,122416.66666666667,
3672,122450.0,
3673,122483.33333333333,
3674,122516.66666666669,
3675,122550.00000000001,
3676,122583.33333333334,
3677,122616.66666666667,
3678,122651.66666666667,
3679,122685.0,
3680,122718.33333333334,
3681,122751.66666666669,
3682,122785.00000000001,
3683,122818.33333333334,
3684,122851.66666666667,
3685,122885.0,
3686,122918.33333333334,
3687,122951.66666666667,
3688,122985.00000000001,
3689,123018.33333333334,
3690,123051.66666666667,
3691,123085.00000000001,
3692,123118.33333333334,
3693,123151.66666666667,
3694,123185.0,
3695,123218.33333333334,
3696,123251.66666666669,
3697,123285.00000000001,
3698,123318.33333333334,
3699,123351.66666666667,
3700,123385.0,
3701,123418.33333333334,
3702,123451.66666666667,
3703,123485.00000000001,
3704,123518.33333333334,
3705,123551.66666666667,
3706,123585.00000000001,
3707,123618.33333333334,
3708,123651.66666666667,
3709,123685.0,
3710,123718.33333333334,
3711,123751.66666666669,
3712,123785.00000000001,
3713,123818.33333333334,
3714,123851.66666666667,
3715,123885.0,
3716,123918.33333333334,
3717,123951.66666666667,
3718,123985.00000000001,
3719,124018.33333333334,
3720,124051.66666666667,
3721,124085.00000000001,
3722,124118.33333333334,
3723,124151.66666666667,
3724,124185.0,
3725,124218.33333333334,
3726,124251.66666666669,
3727,124285.00000000001,
3728,124318.33333333334,
3729,124351.66666666667,
3730,124385.0,
3731,124418.33333333334,
3732,124451.66666666667,
3733,124485.00000000001,
3734,124518.33333333334,
3735,124551.66666666667,
3736,124585.00000000001,
3737,124618.33333333334,
3738,124651.66666666667,
3739,124685.0,
3740,124718.33333333334,
3741,124751.66666666669,
3742,124785.00000000001,
3743,124818.33333333334,
3744,124851.66666666667,
3745,124885.0,
3746,124918.33333333334,
3747,124951.66666666667,
3748,124985.00000000001,
3749,125018.33333333334,
3750,125051.66666666667,
3751,125085.00000000001,
3752,125118.33333333334,
3753,125151.66666666667,
3754,125185.0,
3755,125218.33333333334,
3756,125251.66666666669,
3757,125285.00000000001,
3758,125318.33333333334,
3759,125351.66666666667,
3760,125385.0,
3761,125418.33333333334,
3762,125451.66666666667,
3763,125485.00000000001,
3764,125518.33333333334,
3765,125551.66666666667,
3766,125585.00000000001,
3767,125618.33333333334,
3768,125651.66666666667,
3769,125685.0,
3770,125718.33333333334,
3771,125751.66666666669,
3772,125785.00000000001,
3773,125818.33333333334,
3774,125851.66666666667,
3775,125885.0,
3776,125918.33333333334,
3777,125951.66666666667,
3778,125985.00000000001,
3779,126018.33333333334,
3780,126051.66666666667,
3781,126085.00000000001,
3782,126118.33333333334,
3783,126151.66666666667,
3784,126185.0,
3785,126218.33333333334,
3786,126251.66666666669,
3787,126285.00000000001,
3788,126318.33333333334,
3789,126351.66666666667,
3790,126385.0,
3791,126418.33333333334,
3792,126451.66666666667,
3793,126485.00000000001,
3794,126518.33333333334,
3795,126551.66666666667,
3796,126585.00000000001,
3797,126618.33333333334,
3798,126651.66666666667,
3799,126686.66666666669,
3800,126720.00000000001,
3801,126753.33333333334,
3802,126786.66666666667,
3803,126820.00000000001,
3804,126853.33333333334,
3805,126886.66666666667,
3806,126920.0,
3807,126953.33333333334,
3808,126986.66666666669,
3809,127020.00000000001,
3810,127053.33333333334,
3811,127086.66666666667,
3812,127120.0,
3813,127153.33333333334,
3814,127186.66666666669,
3815,127220.00000000001,
3816,127253.33333333334,
3817,127286.66666666667,
3818,127320.00000000001,
3819,127353.33333333334,
3820,127386.66666666667,
3821,127420.0,
3822,127453.33333333334,
3823,127486.66666666669,
3824,127520.00000000001,
3825,127553.33333333334,
3826,127586.66666666667,
3827,127620.0,
3828,127653.33333333334,
3829,127686.66666666669,
3830,127720.00000000001,
3831,127753.33333333334,
3832,127786.66666666667,
3833,127820.00000000001,
3834,127853.33333333334,
3835,127886.66666666667,
3836,127920.0,
3837,127953.33333333334,
3838,127986.66666666669,
3839,128020.00000000001,
3840,128053.33333333334,
3841,128086.66666666667,
3842,128120.0,
3843,128153.33333333334,
3844,128186.66666666667,
3845,128220.0,
3846,128253.33333333333,
3847,128286.66666666666,
3848,128320.00000000001,
3849,128353.33333333336,
3850,128386.66666666669,
3851,128420.00000000001,
3852,128453.33333333334,
3853,128486.66666666669,
3854,128520.00000000001,
3855,128553.33333333334,
3856,128586.66666666667,
3857,128620.0,
3858,128653.33333333334,
3859,128686.66666666667,
3860,128720.0,
3861,128753.33333333333,
3862,128786.66666666666,
3863,128820.00000000001,
3864,128853.33333333336,
3865,128886.66666666669,
3866,128920.00000000001,
3867,128953.33333333334,
3868,128986.66666666669,
3869,129020.00000000001,
3870,129053.33333333334,
3871,129086.66666666667,
3872,129120.0,
3873,129153.33333333334,
3874,129186.66666666667,
3875,129220.0,
3876,129253.33333333333,
3877,129286.66666666666,
3878,129320.00000000001,
3879,129353.33333333336,
3880,129386.66666666669,
3881,129420.00000000001,
3882,129453.33333333334,
3883,129486.66666666669,
3884,129520.00000000001,
3885,129553.33333333334,
3886,129586.66666666667,
3887,129620.0,
3888,129653.33333333334,
3889,129686.66666666667,
3890,129720.0,
3891,129753.33333333333,
3892,129786.66666666666,
3893,129820.00000000001,
3894,129853.33333333336,
3895,129886.66666666669,
3896,129920.00000000001,
3897,129953.33333333334,
3898,129986.66666666669,
3899,130020.00000000001,
3900,130053.33333333334,
3901,130086.66666666667,
3902,130120.0,
3903,130153.33333333334,
3904,130186.66666666667,
3905,130220.0,
3906,130253.33333333333,
3907,130286.66666666666,
3908,130320.00000000001,
3909,130353.33333333336,
3910,130386.66666666669,
3911,130420.00000000001,
3912,130453.33333333334,
3913,130486.66666666669,
3914,130520.00000000001,
3915,130553.33333333334,
3916,130586.66666666667,
3917,130620.0,
3918,130653.33333333334,
3919,130688.33333333333,
3920,130721.66666666666,
3921,130755.0,
3922,130788.33333333336,
3923,130821.66666666669,
3924,130855.00000000001,
3925,130888.33333333334,
3926,130921.66666666669,
3927,130955.00000000001,
3928,130988.33333333334,
3929,131021.66666666667,
3930,131055.0,
3931,131088.33333333334,
3932,131121.66666666666,
3933,131155.0,
3934,131188.33333333334,
3935,131221.66666666666,
3936,131255.0,
3937,131288.33333333334,
3938,131321.6666666667,
3939,131355.00000000003,
3940,131388.33333333334,
3941,131421.6666666667,
3942,131455.0,
3943,131488.33333333334,
3944,131521.6666666667,
3945,131555.0,
3946,131588.33333333334,
3947,131621.66666666666,
3948,131655.0,
3949,131688.33333333334,
3950,131721.66666666666,
3951,131755.0,
3952,131788.33333333334,
3953,131821.6666666667,
3954,131855.00000000003,
3955,131888.33333333334,
3956,131921.6666666667,
3957,131955.0,
3958,131988.33333333334,
3959,132021.6666666667,
3960,132055.0,
3961,132088.33333333334,
3962,132121.66666666666,
3963,132155.0,
3964,132188.33333333334,
3965,132221.66666666666,
3966,132255.0,
3967,132288.33333333334,
3968,132321.6666666667,
3969,132355.00000000003,
3970,132388.33333333334,
3971,132421.6666666667,
3972,132455.0,
3973,132488.33333333334,
3974,132521.6666666667,
3975,132555.0,
3976,132588.33333333334,
3977,132621.66666666666,
3978,132655.0,
3979,132688.33333333334,
3980,132721.66666666666,
3981,132755.0,
3982,132788.33333333334,
3983,132821.6666666667,
3984,132855.00000000003,
3985,132888.33333333334,
3986,132921.6666666667,
3987,132955.0,
3988,132988.33333333334,
3989,133021.6666666667,
3990,133055.0,
3991,133088.33333333334,
3992,133121.66666666666,
3993,133155.0,
3994,133188.33333333334,
3995,133221.66666666666,
3996,133255.0,
3997,133288.33333333334,
3998,133321.6666666667,
3999,133355.00000000003,
4000,133388.33333333334,
4001,133421.6666666667,
4002,133455.0,
4003,133488.33333333334,
4004,133521.6666666667,
4005,133555.0,
4006,133588.33333333334,
4007,133621.66666666666,
4008,133655.0,
4009,133688.33333333334,
4010,133721.66666666666,
4011,133755.0,
4012,133788.33333333334,
4013,133821.6666666667,
4014,133855.00000000003,
4015,133888.33333333334,
4016,133921.6666666667,
4017,133955.0,
4018,133988.33333333334,
4019,134021.6666666667,
4020,134055.0,
4021,134088.33333333334,
4022,134121.66666666666,
4023,134155.0,
4024,134188.33333333334,
4025,134221.66666666666,
4026,134255.0,
4027,134288.33333333334,
4028,134321.6666666667,
4029,134355.00000000003,
4030,134388.33333333334,
4031,134421.6666666667,
4032,134455.0,
4033,134488.33333333334,
4034,134521.6666666667,
4035,134555.0,
4036,134588.33333333334,
4037,134621.66666666666,
4038,134655.0,
4039,134688.33333333334,
4040,134721.66666666666,
4041,134755.0,
4042,134790.00000000003,
4043,134823.33333333334,
4044,134856.6666666667,
4045,134890.00000000003,
4046,134923.33333333334,
4047,134956.6666666667,
4048,134990.0,
4049,135023.33333333334,
4050,135056.6666666667,
4051,135090.0,
4052,135123.33333333334,
4053,135156.66666666666,
4054,135190.0,
4055,135223.33333333334,
4056,135256.6666666667,
4057,135290.00000000003,
4058,135323.33333333334,
4059,135356.6666666667,
4060,135390.00000000003,
4061,135423.33333333334,
4062,135456.6666666667,
4063,135490.0,
4064,135523.33333333334,
4065,135556.6666666667,
4066,135590.0,
4067,135623.33333333334,
4068,135656.66666666666,
4069,135690.0,
4070,135723.33333333334,
4071,135756.6666666667,
4072,0,
4073,0,
4074,0,
4075,0,
4076,0,
4077,0,
4078,0,
4079,0,
4080,0,
4081,0,
4082,0,
